,name,rank,target,type,base_damage,upgraded_damage,base_crit,upgraded_crit,base_self,upgraded_self,base_cooldown,upgraded_cooldown,base_effect,upgraded_effect,target_restriction,notes,hero_id,base_uses,upgraded_uses,path_name,skill_name,hero_name
0,Collect Bounty,.ooo,oo..,melee,8-12,NA,0.05,0.0,NA,NA,0,0,"If {{Combo}}: <span class""buff-dd2"">+50%</span> DMG }}",NA,NA,NA,BH,inf,inf,Wanderer,Collect Bounty,Bounty Hunter
1,Mark for Death,oooo,oooo,ranged,NA,NA,0.05,0.0,NA,NA,1,0," Ignore {{Dodge}}{{Guarded}}<br /> {{Dodge|remove}}<br /> Add {{Vuln|2}}, {{Combo}} }}",NA,NA,NA,BH,inf,inf,Wanderer,Mark for Death,Bounty Hunter
2,Come Hither,oooo,..oo,ranged,3-5,NA,0.1,0.0,NA,NA,0,0, {{Move2|pull|2}}<br /> Add {{Combo}} }},NA,NA,NA,BH,inf,inf,Wanderer,Come Hither,Bounty Hunter
3,Caltrops,ooo.,..o-o,ranged,2-3,NA,0.05,0.0,NA,NA,0,0, {{Bleed2|3}}<br /> If {{Combo}}:  *{{Bleed2|pierce|+30}}<br /> {{Debuff2|-}} (3 Turns):  *{{Move2|res|-20}} *{{Speed2|-2}} }},NA,NA,NA,BH,inf,inf,Wanderer,Caltrops,Bounty Hunter
4,Flashbang,ooo.,ooo.,ranged,NA,NA,0.05,0.0,NA,NA,1,0, {{Move2|shuffle}}<br /> Add {{Blind}}{{Daze2}}<br /> If {{Combo}}: Add {{StunToken}} }},NA,NA,NA,BH,inf,inf,Wanderer,Flashbang,Bounty Hunter
5,Staredown,oooo,oooo,ranged,NA,NA,0.05,0.0, Add {{Taunt|2}}<br /> {{Vuln|remove}},NA,1,0,Add {{Weak|2}} }},NA,NA,NA,BH,inf,inf,Wanderer,Staredown,Bounty Hunter
6,Hurlbat,oo..,oooo,ranged,6-10,NA,0.15,0.0,NA,NA,0,0," If {{Combo}}: {{Dodge|ignore}}<br /> If {{Burn2}}: <span class""buff-dd2"">+50%</span> DMG",NA,NA,{{Combo}} will be consumed regardless if the target has {{Dodge}} or not. }},BH,inf,inf,Wanderer,Hurlbat,Bounty Hunter
7,No Escape,oo..,..oo,ranged,2-4,NA,0.1,0.0,NA,NA,2,0, Ignore {{Dodge}}{{Guarded}}<br /> {{Guard2|remove}}<br /> Add {{StunToken}}{{Combo}} }},NA,NA,NA,BH,inf,inf,Wanderer,No Escape,Bounty Hunter
8,Finish Him,.ooo,ooo.,melee,6-10,NA,0.1,0.0,NA,NA,0,0," {{Block|ignore}}<br /> {{Execution|2}}<br /> If {{StunToken}} or {{Daze2}}: <span class""buff-dd2"">+75%</span> DMG }}",NA,NA,NA,BH,inf,inf,Wanderer,Finish Him,Bounty Hunter
9,Uppercut,..oo,oo..,melee,3-5,NA,0.1,0.0,NA,NA,2,0, {{Move2|knockback|1}}<br /> Add {{StunToken}} }},NA,NA,NA,BH,inf,inf,Wanderer,Uppercut,Bounty Hunter
10,Smite,..oo,oo..,melee,5-7,7-9,0.05,0.1,NA,NA,0,0,"If {{Combo}}: <span class""buff-dd2"">+50%</span> DMG }}",NA,NA,NA,Cru,inf,inf,Wanderer,Smite,Crusader
11,Smite (Aggressor),..oo,oo..,melee,5-7,7-10,0.05,0.1,On Kill: {{Stress2|-1}},On Kill: {{Stress2|-2}} }},0,0,If {{Burn2}}: {{Execution| 1}},If {{Burn2}}: {{Execution|2}},NA,NA,Cru,inf,inf,Aggressor,Smite,Crusader
12,Smite (Templar),..oo,oo..,melee,5-7,7-10,0.05,0.0,If {{Combo}}: {{Stress2|-1}},If {{Combo}}: {{Stress2|-2}} }},0,0,NA,NA,NA,NA,Cru,inf,inf,Templar,Smite,Crusader
13,Stunning Blow,..oo,oo..,melee,3-5,4-6,0.05,0.1,NA,NA,0,0,If {{Combo}}: {{Stun}},Remove {{Strength}}{{Crit}}<br />If {{Combo}}: {{Stun}} }},NA,NA,Cru,inf,inf,Wanderer,Stunning Blow,Crusader
14,Zealous Accusation,..oo,o-o..,ranged,1-2,2-3,0.05,0.0,NA,NA,0,0,{{Burn2|2}}<br />{{Combo}} (25%),{{Burn2|3}}<br />{{Combo}} (33%) }},NA,NA,Cru,inf,inf,Wanderer,Zealous Accusation,Crusader
15,Zealous Accusation (Banneret),oo..,..o-o,ranged,1-2,2-3,0.05,0.0,NA,NA,0,0,{{Burn2|2}}<br />{{Combo}} (25%),{{Burn2|3}}<br />{{Combo}} (33%) }},NA,NA,Cru,inf,inf,Banneret,Zealous Accusation,Crusader
16,Inspiring Cry,oooo,oooo,buff,NA,NA,0.0,0.0,NA,{{Stress2|-1}},1,0, Requires {{Stress2}} +5<br /> {{Stress2|-2}} }},NA,NA,NA,Cru,inf,inf,Wanderer,Inspiring Cry,Crusader
17,Rallying Cry,oooo,oooo,buff,NA,NA,0.0,0.0,NA,Remove {{Blind}}{{Weak}}{{Vuln}},1,0,Remove {{Blind}}{{Weak}}{{Vuln}},NA,Ally,NA,Cru,inf,inf,Wanderer,Rallying Cry,Crusader
18,Rallying Cry (Templar),..oo,oooo,buff,NA,NA,0.0,0.0, If Target {{HP2}} < 33%:  * Transfer {{Regen}} to Target, If Target {{HP2}} < 33%:  * Copy {{Regen}} to Target,2,0,"{{Guard2|2}}<br /><span class""buff-dd2"">+30% Healing Received</span>","{{Guard2|3}}<br /><span class""buff-dd2"">+30% Healing Received</span>",Ally,"Unlike most other healing buffs, this skill also boosts healing from {{Regen|-}}.",Cru,inf,inf,Templar,Rallying Cry,Crusader
19,Rallying Cry (Banneret),oooo,o-o-o-o,buff,NA,NA,0.0,0.0,NA,NA,3,2,{{Immobilize}},NA,NA,NA,Cru,inf,inf,Banneret,Rallying Cry,Crusader
20,Reap,..oo,o-o..,melee,4-5,5-7,0.05,0.0,NA," If Target {{Combo}}: * <span class""heal-dd2"">Heal 15%</span>",0,0,"<span class""debuff-dd2"">-20% Healing Received</span>","<span class""debuff-dd2"">-33% Healing Received</span>",NA,The Effect of this skill affects all sources of healing including Regeneration,Cru,inf,inf,Wanderer,Reap,Crusader
21,Reap (Aggressor),..oo,o-o..,melee,4-5,5-7,0.05,0.0,NA,On Kill: {{Strength}},0,0,"<span class""debuff-dd2"">-20% Healing Received</span><br />If {{Burn2}}: {{Execution|1}}","<span class""debuff-dd2"">-33% Healing Received</span><br />If {{Burn2}}: {{Execution|1}}",NA,The Effect of this skill affects all sources of healing including Regeneration,Cru,inf,inf,Aggressor,Reap,Crusader
22,Battle Heal,..oo,oooo,heal,NA,NA,0.0,0.0,NA,"<span class""heal-dd2"">Heal 10%</span>",2,1," Requires {{HP2}} < 50%<br /> <span class""heal-dd2"">Heal 20%</span>"," Requires {{HP2}} < 50%<br /> <span class""heal-dd2"">Heal 25%</span>",NA,NA,Cru,3,inf,Wanderer,Battle Heal,Crusader
23,Battle Heal (Banneret),oooo,oooo,heal,NA,NA,0.0,0.0,NA,NA,2,1," Requires {{HP2}} < 50%<br /> <span class""heal-dd2"">Heal 20%</span>"," Requires {{HP2}} < 50%<br /> <span class""heal-dd2"">Heal 30%</span>",NA,NA,Cru,4,inf,Banneret,Battle Heal,Crusader
24,Bulwark of Faith,..oo,self,buff,NA,NA,0.0,0.0, {{Block|2}}<br /> {{Taunt|2}}<br /> {{Regen|2}}, {{Block|2}}<br /> {{Taunt|3}}<br /> {{Regen|4}}  }},2,0,NA,NA,NA,NA,Cru,inf,inf,Wanderer,Bulwark of Faith,Crusader
25,Holy Lance,oo..,.ooo,ranged,4-7,5-9,0.1,0.15,{{Move2|forward|1}} }},NA,0,0,{{Burn2|2}}, {{Burn2|3}}<br /> {{Combo}},NA,NA,Cru,inf,inf,Wanderer,Holy Lance,Crusader
26,Radiance,oooo,self,buff,NA,NA,0.0,0.0, {{Regen|2}}<br> {{Buff2|-}} (4 Turns): * Ranged Skills: {{Burn2|pierce|+20}} ," {{Regen|3}}<br> {{Buff2|-}} (4 Turns): * Ranged Skills: {{Burn2|pierce|+20}} * If Target {{Burn2}}: <span class""buff-dd2"">+30%</span> DMG }}",4,0,NA,NA,NA,NA,Cru,inf,inf,Wanderer,Radiance,Crusader
27,Tenacity,oooo,oooo,buff,NA,NA,0.0,0.0,NA, {{Block}}<br /> {{Debuff2|res|+10}} }},2,0,{{Block|2}}, {{Block|2}}<br /> {{Debuff2|res|+10}},NA,NA,Cru,inf,inf,Wanderer,Tenacity,Crusader
28,Tenacity (Aggressor),oooo,self,buff,NA,NA,0.0,0.0, {{Buff2|-}} (4 Turns):  * Melee Skills: ** If Target {{Burn2}}: {{HP2|heal|15%}}, {{Buff2|-}} (3 Turns):  * {{Debuff2|res|+20}} {{Buff2|-}} (4 Turns):  * Melee Skills: ** If Target {{Burn2}}: {{HP2|heal|20%}} }},4,0,NA,NA,NA,NA,Cru,inf,inf,Aggressor,Tenacity,Crusader
29,Tenacity (Templar),..oo,self,buff,NA,NA,0.0,0.0," {{Block|2}}<br> {{Buff2|-}} (3 Turns): * <span class""buff-dd2"">+30% Healing Received</span>"," {{Block|3}}<br> {{Buff2|-}} (3 Turns): * <span class""buff-dd2"">+50% Healing Received</span> * {{Debuff2|res|+20}}",2,0,NA,NA,NA,The Effect of this skill affects all sources of healing including Regeneration,Cru,inf,inf,Templar,Tenacity,Crusader
30,Tenacity (Banneret),oooo,o-o-o-o,buff,NA,NA,0.0,0.0,NA,NA,3,2,{{Block}}, {{Block}}<br /> Remove {{Stun}}{{Dazed}} }},NA,NA,Cru,inf,inf,Banneret,Tenacity,Crusader
31,Touché,oooo,oo..,melee,5-7,7-9,0.05,0.1, When {{AggressiveStance}}:  * {{Move2|forward|1}} When {{DefensiveStance}}:  * {{Move2|back|1}}, When {{AggressiveStance}}:  * {{Move2|forward|1}} When {{DefensiveStance}}:  * {{Move2|back|1}} If no Stance:  * Rank 1 or 2: ** Gain {{DefensiveStance}} * Rank 3 or 4: ** Gain {{AggressiveStance}} }},0,0,NA,NA,NA,NA,Duel,inf,inf,Wanderer,Touché,Duelist
32,Touché (Antagoniste),.ooo,ooo.,melee,4-5,5-7,0.05,0.1,NA,NA,0,0, When {{AggressiveStance}}:  * Add {{Vuln}} When {{DefensiveStance}}:  * Add {{Weak}}, When {{AggressiveStance}}:  * Add {{Vuln}} When {{DefensiveStance}}:  * Add {{Weak}} If no Stance:  * Rank 1 or 2: ** Gain {{DefensiveStance}} * Rank 3 or 4: ** Gain {{AggressiveStance}} }},NA,NA,Duel,inf,inf,Antagoniste,Touché,Duelist
33,Feint,.ooo,oo..,melee,2-4,3-6,0.05,0.1, Invert Stance<br /> Add {{Riposte2|2}}, Invert Stance<br /> Add {{Riposte2|3}} }},0,0,NA,NA,NA,NA,Duel,inf,inf,Wanderer,Feint,Duelist
34,Feint (Intrépide),.ooo,oo..,melee,2-4,3-6,0.05,0.1, Invert Stance<br /> Add {{Dodge|2}}, Invert Stance<br /> Add {{Dodge+|2}} }},1,0,NA,NA,NA,NA,Duel,inf,inf,Intrépide,Feint,Duelist
35,Disengage,.ooo,ooo.,melee,3-5,4-6,0.05,0.1, Add {{DefensiveStance}}{{Dodge}}<br /> {{Move2|back|1}}, Add {{DefensiveStance}}{{Dodge+}}<br /> {{Move2|back|1}},0,0,{{Riposte2|ignore}} When {{AggressiveStance}}:  * {{Move2|knockback|1}} When {{DefensiveStance}}:  * {{Move2|pull|1}},{{Riposte2|ignore}} When {{AggressiveStance}}:  * {{Move2|knockback|2}} When {{DefensiveStance}}:  * {{Move2|pull|2}} }},NA,NA,Duel,inf,inf,Wanderer,Disengage,Duelist
36,Disengage (Instructrice),.ooo,ooo.,melee,2-4,3-5,0.05,0.1, {{Move2|back|2}}<br /> Invert Stance<br /> Add {{Dodge}}, {{Move2|back|2}}<br /> Invert Stance<br /> Add {{Dodge+}},0,0,{{Riposte2|ignore}} }},NA,NA,NA,Duel,inf,inf,Instructrice,Disengage,Duelist
37,Disengage (Antagoniste),.ooo,ooo.,melee,3-5,4-6,0.05,0.1, Add {{DefensiveStance}}{{Dodge}}<br /> {{Move2|back|1}},NA,0,0, {{Riposte2|ignore}}<br /> When {{AggressiveStance}}:  * Add {{Combo}}, {{Riposte2|ignore}}<br /> When {{AggressiveStance}}:  * Add {{Combo}} When {{DefensiveStance}}:  * When target {{Combo}}: ** Add {{Blind|2}} }},NA,NA,Duel,inf,inf,Antagoniste,Disengage,Duelist
38,Disengage (Intrépide),.ooo,ooo.,melee,3-5,4-6,0.05,0.1, When {{DefensiveStance}}:  * Add {{Stealth2|2}} {{Move2|back|1}}<br /> Add {{DefensiveStance}}, When {{AggressiveStance}}:  * Gain {{Guard2}} from Ally Behind When {{DefensiveStance}}:  * Add {{Stealth2|2}} {{Move2|back|1}}<br /> Add {{DefensiveStance}},1,0,{{Riposte2|ignore}},NA,NA,The ally applying {{Guard2}} is the ally behind the Duelist ''before'' using the skill. }},Duel,inf,inf,Intrépide,Disengage,Duelist
39,Flick,..oo,oo..,melee,4-6,6-8,0.1,0.15,NA,NA,0,0, When {{AggressiveStance}}:  * {{Block|ignore}} When {{DefensiveStance}}:  * {{Dodge|ignore}}, When {{AggressiveStance}}:  * {{Block|ignore}} When {{DefensiveStance}}:  * {{Dodge|ignore}} {{Execution|1}} }},NA,NA,Duel,inf,inf,Wanderer,Flick,Duelist
40,Preparation,oooo,self,buff,NA,NA,0.0,0.0, Add {{AggressiveStance}}{{Strength}}{{SpeedToken}}, When {{AggressiveStance}}:  * Add {{Crit}} When {{DefensiveStance}}:  * +50% Riposte DMG (4 Turns) Add {{AggressiveStance}}{{Strength}}{{SpeedToken}},1,0,NA,NA,NA,NA,Duel,inf,inf,Wanderer,Preparation,Duelist
41,Preparation (Intrépide),oooo,self,buff,NA,NA,0.0,0.0, Add {{AggressiveStance}}{{Strength}}{{SpeedToken}}, When {{AggressiveStance}}:  * Add {{Crit}} When {{DefensiveStance}}:  * Remove {{DoT2}} Add {{AggressiveStance}}{{Strength}}{{SpeedToken}},1,0,NA,NA,NA,NA,Duel,inf,inf,Intrépide,Preparation,Duelist
42,The Boot,.ooo,oo..,melee,2-5,3-6,0.05,0.15, Requires:  * {{AggressiveStance}},NA,0,0,{{Move2|knockback|2}}, {{Move2|knockback|3}}<br /> Add {{Combo}} }},NA,NA,Duel,inf,inf,Wanderer,The Boot,Duelist
43,The Boot (Antagoniste),.ooo,oo..,melee,2-5,3-6,0.05,0.15, Requires:  * {{DefensiveStance}}, Requires:  * {{AggressiveStance}} or {{DefensiveStance}},0,0, When {{Combo}}:  * Add {{StunToken}} {{Move2|knockback|2}}, When {{AggressiveStance}}:  * Add {{Combo}} When {{DefensiveStance}}:  * When {{Combo}}: ** Add {{StunToken}} {{Move2|knockback|2}} }},NA,NA,Duel,inf,inf,Antagoniste,The Boot,Duelist
44,Again!,oooo,oooo,buff,NA,NA,0.0,0.0, Requires:  * {{AggressiveStance}} Remove Stance Tokens, Requires:  * {{AggressiveStance}} or {{DefensiveStance}} Remove Stance Tokens (50%),5,0,Clear Skills Cooldowns,NA,Ally,NA,Duel,2,inf,Wanderer,Again!,Duelist
45,Again! (Instructrice),oo..,oooo,buff,NA,NA,0.0,0.0, Requires:  * {{AggressiveStance}}, Requires:  * {{AggressiveStance}} or {{DefensiveStance}},3,0,+10% DMG per {{Stress2}} (4 Turns), When {{AggressiveStance}}:  * +10% DMG per {{Stress2}} (4 Turns) When {{DefensiveStance}}:  * {{Stress2|+3}} * Extra Turn,Ally," The extra turn is not a [[Combat Mechanics (Darkest Dungeon II)#Extra Actions|extra action]], but a full turn. That is,  * {{DoT2|-}} effects are applied. * {{Buff2|-}} and {{Debuff2|-}} effects tick down. * Cooldowns decrease by one turn. }}",Duel,inf,inf,Instructrice,Again!,Duelist
46,Flèche,ooo.,ooo.,melee,6-8,7-10,0.1,0.15, {{Dodge|remove}}<br /> Add {{AggressiveStance}}<br /> {{Move2|forward|3}}, When not {{DefensiveStance}}:  * {{Dodge|remove}}  Add {{AggressiveStance}}<br /> {{Move2|forward|3}} }},0,0, When {{AggressiveStance}}:  * +30% DMG, When {{AggressiveStance}}:  * +30% DMG * +5% CRIT,NA,NA,Duel,inf,inf,Wanderer,Flèche,Duelist
47,Meditation,oooo,self,buff,NA,NA,0.0,0.0, When {{AggressiveStance}}:  * {{Riposte2|2}} When {{DefensiveStance}}:  * {{Taunt|2}} Add {{DefensiveStance}}<br /> Add {{Dodge|3}}, When {{AggressiveStance}}:  * {{Riposte2|2}} When {{DefensiveStance}}:  * {{Taunt|2}} Add {{DefensiveStance}}<br /> Add {{Dodge+|3}}<br /> Remove {{Combo}} }},1,0,NA,NA,NA,NA,Duel,inf,inf,Wanderer,Meditation,Duelist
48,Coup de Grâce,oooo,oooo,ranged,4,6,0.05,0.1, Requires:  * {{DefensiveStance}},NA,1,0," ''Ignores {{Block}}, {{Weak}}''<br /> {{Execution|1}}"," ''Ignores {{Block}}, {{Weak}}''<br /> {{Execution|2}}",NA,NA,Duel,inf,inf,Wanderer,Coup de Grâce,Duelist
49,Coup de Grâce (Instructrice),oo..,.ooo,ranged,4-6,5-8,0.15,0.2,NA, On Killing Blow:  * Clear all Skill Cooldowns,1,0,{{Execution|1}},NA,NA,NA,Duel,inf,inf,Instructrice,Coup de Grâce,Duelist
50,Coup de Grâce (Antagoniste),oooo,.ooo,ranged,1-2,2-3,0.05,0.1, Requires:  * {{AggressiveStance}} Remove Stance Tokens, Requires:  * {{AggressiveStance}} or {{DefensiveStance}} Remove Stance Tokens,2,0, Add {{Weak|2}}<br /> Add {{Vuln|2}}, When {{AggressiveStance}}:  * Add {{Weak|2}} * Add {{Vuln|2}} When {{DefensiveStance}}:  * Add {{StunToken}},NA,NA,Duel,inf,inf,Antagoniste,Coup de Grâce,Duelist
51,Coup de Grâce (Intrépide),oooo,.ooo,ranged,4-6,5-8,0.05,0.1,''Remove Intrépide Stance Effects'',NA,2,0,NA,NA,NA,NA,Duel,inf,inf,Intrépide,Coup de Grâce,Duelist
52,Ruthless Instruction,oooo,oooo,buff,NA,NA,0.0,0.0, Requires:  * {{DefensiveStance}}, Requires:  * {{AggressiveStance}} or {{DefensiveStance}},1,0,Add {{Dodge|2}}, When {{AggressiveStance}}:  * {{Buff2}}: Ignore {{Blind}} When {{DefensiveStance}}:  * {{Dodge|2}},NA,NA,Duel,inf,inf,Wanderer,Ruthless Instruction,Duelist
53,Ruthless Instruction (Instructrice),oo..,oooo,buff,NA,NA,0.0,0.0, Requires:  * {{AggressiveStance}} or {{DefensiveStance}},NA,1,0, When {{AggressiveStance}}:  * Add {{Strength}} * {{Stress2|+1}} When {{DefensiveStance}}: * When Target {{Stress2}} 5+: ** {{Stress2|-2}}, When {{AggressiveStance}}:  * Add {{Crit}} * {{Stress2|+2}} When {{DefensiveStance}}: * Remove {{Horror2}} * When Target {{Stress2}} 5+: ** {{Stress2|-3}},Ally,NA,Duel,inf,inf,Instructrice,Ruthless Instruction,Duelist
54,''Riposte Attack'',oooo,oooo,melee,4-7,NA,0.05,0.0,NA,NA,0,0,NA,NA,NA,{{Riposte2Desc}} }},Duel,inf,inf,Wanderer,''Riposte Attack'',Duelist
55,Punish,.ooo,oo..,melee,3-6,4-8,0.05,0.1,Take {{HP2}} 10% DMG,NA,0,0, {{Blight2|3}}<br /> When {{Combo}}:  * {{Blight2|pierce|+30}}, {{Blight2|4}}<br /> When {{Combo}}:  * {{Blight2|pierce|+30}} }},NA,NA,Flag,inf,inf,Wanderer,Punish,Flagellant
56,Punish (Maniac),.ooo,oo..,melee,3-6,4-8,0.05,0.1,Take {{HP2}} 10% DMG,NA,0,0, {{Blight2|2}}<br /> {{Move2|knockback|1}}, {{Blight2|2}}<br /> {{Move2|knockback|2}}<br /> {{Combo}} }},NA,NA,Flag,inf,inf,Maniac,Punish,Flagellant
57,Punish (Exanimate),..oo,ooo.,melee,3-6,4-8,0.05,0.1, If {{HP2}} < 50%:  * {{Blight2|dealt|+2}} Take {{HP2}} 10% DMG,NA,0,0, {{Blight2|2}}<br /> When {{Combo}}:  * {{Blight2|pierce|+30}}, {{Blight2|3}}<br /> When {{Combo}}:  * {{Blight2|pierce|+30}} }},NA,NA,Flag,inf,inf,Exanimate,Punish,Flagellant
58,Fester,oooo,oooo,ranged,NA,NA,0.0,0.0,NA,NA,0,0, Clear Corpse<br /> Adjacent Monsters: {{Blight2|3}}, Clear Corpse<br /> Adjacent Monsters: {{Blight2|5}},Corpse,{{CorpseClear2Desc}} }},Flag,inf,inf,Wanderer,Fester,Flagellant
59,Deathless,oooo,oooo,heal,NA,NA,0.0,0.0,Take {{HP2}} 20% DMG,NA,1,0, Requires:  * {{HP2}} < 100% {{HP2|heal|25%}}, Requires:  * {{HP2}} < 100% {{HP2|heal|35%}},Ally,The target health condition is not displayed in the tooltip. }},Flag,inf,inf,Wanderer,Deathless,Flagellant
60,Deathless (Scourge),..oo,oooo,heal,NA,NA,0.0,0.0, Requires:  * {{HP2}} < 50% {{HP2|heal|35%}}, Requires:  * {{HP2}} < 50% {{HP2|heal|50%}},2,0, Requires:  * {{HP2}} < 100% {{HP2|heal|25%}}, Requires:  * {{HP2}} < 100% {{HP2|heal|35%}},Ally,The target health condition is not displayed in the tooltip. }},Flag,3,inf,Scourge,Deathless,Flagellant
61,Endure,oooo,oooo,buff,NA,NA,0.0,0.0,{{Stress2|+2}},NA,0,0,{{Stress2|-2}},{{Stress2|-3}} }},Ally,NA,Flag,inf,inf,Wanderer,Endure,Flagellant
62,Lash's Gift,ooo.,oooo,buff,NA,NA,0.0,0.0, Requires:  * {{HP2}} < 50% {{HP2|heal|25%}}, Requires:  * {{HP2}} < 50% {{HP2|heal|35%}},2,0," Add {{Strength}}, {{Block}}<br /> {{Stress2|+1}}"," Add {{Strength}}, {{Block+}}<br /> {{Stress2|+1}}<br /> {{Daze|remove}}<br /> {{StunToken|remove}}",Ally,NA,Flag,inf,inf,Wanderer,Lash's Gift,Flagellant
63,Lash's Gift (Maniac),ooo.,oooo,buff,NA,NA,0.0,0.0,{{HP2|heal|20%}},{{HP2|heal|30%}},2,0, Requires:  * Target has Negative Token Steal All Negative Tokens, Requires:  * Target has Negative Token or {{Combo}} Steal All Negative Tokens and {{Combo}} }},Ally,NA,Flag,inf,inf,Maniac,Lash's Gift,Flagellant
64,Lash's Gift (Exanimate),oooo,self,buff,NA,NA,0.0,0.0," Requires:  * {{HP2}} < 20% {{HP2|heal|10%}}<br /> Remove All Negative Tokens and {{Combo}}<br /> Add {{Crit}}, {{Dodge}}"," Requires:  * {{HP2}} < 20% {{HP2|heal|10%}}<br /> Remove All Negative Tokens and {{Combo}}<br /> Add {{Strength}}, {{Crit}}, {{Dodge+}} }}",0,0,NA,NA,NA,NA,Flag,inf,inf,Exanimate,Lash's Gift,Flagellant
65,Lash's Gift (Scourge),..oo,self,buff,NA,NA,0.0,0.0, Add {{Horror2|1}}<br /> Remove {{DoT2}}," Add {{Horror2|1}}<br /> Remove {{DoT2}}<br /> <span class""buff-dd2"">+20 RES</span> of status effects removed }}",1,0,NA,NA,NA,NA,Flag,inf,inf,Scourge,Lash's Gift,Flagellant
66,Acid Rain,..oo,..o-o,ranged,2-3,3-4,0.05,0.1,Take {{HP2}} 10% DMG }},NA,0,0, {{Blight2|2}}<br /> When {{Combo}}:  * {{Blight2|pierce|+30}}, {{Blight2|3}}<br /> When {{Combo}}:  * {{Blight2|pierce|+30}},NA,NA,Flag,inf,inf,Wanderer,Acid Rain,Flagellant
67,Acid Rain (Maniac),ooo.,..o-o,ranged,2-3,3-4,0.05,0.1,Take {{HP2}} 10% DMG,NA,0,0,{{Weak}}, {{Weak}}<br /> {{Combo}} (33%) }},NA,NA,Flag,inf,inf,Maniac,Acid Rain,Flagellant
68,Acid Rain (Exanimate),..oo,..o-o,ranged,2-3,3-4,0.05,0.1, If {{HP2}} < 50%:  * {{Blight2|dealt|+2}} Take {{HP2}} 10% DMG,NA,0,0, {{Blight2|2}}<br /> When {{Combo}}:  * {{Blight2|pierce|+30}}, {{Blight2|3}}<br /> When {{Combo}}:  * {{Blight2|pierce|+30}} }},NA,NA,Flag,inf,inf,Exanimate,Acid Rain,Flagellant
69,More! MORE!,..oo,self,buff,NA,NA,0.0,0.0, Add {{Taunt|2}}<br /> {{Buff2|-}} (1 Turn):  * When damaged: ** Add {{Pain}}, Add {{Taunt|2}}<br /> {{Buff2|-}} (1 Turn):  * When damaged: ** Add {{Pain+}},1,0,NA,NA,NA,<i></i> * Self-damage (e.g. from the Flagellant's other skills) also generates {{Pain}}/{{Pain+}} tokens. * {{DoT2TickDesc}} }},Flag,inf,inf,Wanderer,More! MORE!,Flagellant
70,Suffer,oooo,oooo,buff,NA,NA,0.0,0.0,{{Buff2}} {{DB2|res|+10}}, {{Buff2}} {{DB2|res|+10}}<br /> End of Next Turn: Remove {{DoT2}} }},1,0, Requires:  * Target {{DoT2}} Steal {{DoT2}},NA,Ally,NA,Flag,inf,inf,Wanderer,Suffer,Flagellant
71,Suffer (Scourge),oooo,oooo,buff,NA,NA,0.0,0.0,{{Buff2}} {{DB2|res|+10}}, {{Buff2}} {{DB2|res|+10}}<br /> End of Next Turn: Remove {{DoT2}} }},1,0, Requires:  * Target {{DoT2}} * or Target {{Horror2}} Steal {{DoT2}}{{Horror2}},NA,Ally,NA,Flag,inf,inf,Scourge,Suffer,Flagellant
72,Sepsis,..oo,oo..,melee,4-8,6-10,0.05,0.0, Requires:  * {{HP2}} < 50% {{HP2|heal|35%}}, Requires:  * {{HP2}} < 50% {{HP2|heal|50%}},2,0, {{Blight2|4}}<br /> When {{Combo}}:  * {{Blight2|pierce|+30}}, {{Blight2|6}}<br /> When {{Combo}}:  * {{Blight2|pierce|+30}},NA,NA,Flag,3,inf,Wanderer,Sepsis,Flagellant
73,Sepsis (Maniac),oooo,oo..,melee,NA,NA,0.0,0.0, Requires:  * {{HP2}} < 50% * or Self has Negative Token {{HP2|heal|35%}}, Requires:  * {{HP2}} < 50% * or Self has Negative Token * or Self has {{Combo}} {{HP2|heal|50%}},3,0, {{Blind|ignore}}<br /> Transfer All Negative Tokens, {{Blind|ignore}}<br /> Transfer All Negative Tokens<br /> Transfer {{Combo}} }},NA,NA,Flag,2,3,Maniac,Sepsis,Flagellant
74,Sepsis (Exanimate),..oo,ooo.,melee,NA,NA,0.0,0.0," Requires:  * {{HP2}} < 50% <span class""heal"">Heal to {{HP2}} 45%</span>",NA,2,0, Requires:  * Target has {{Blight2}} Deals 75% of remaining {{Blight2}} on Target as DMG<br /> Remove {{Blight2}}, Requires:  * Target has {{Blight2}} Deals 100% of remaining {{Blight2}} on Target as DMG<br /> Remove {{Blight2}},NA,{{DoTBombDesc}} }},Flag,2,3,Exanimate,Sepsis,Flagellant
75,Sepsis (Scourge),..oo,ooo.,melee,NA,NA,0.0,0.0,NA,NA,2,0, Requires:  * Target has {{Blight2}} Deals 50% of remaining {{Blight2}} on Target as DMG<br /> Remove {{Blight2}} unless Target {{Combo}}, Requires:  * Target has {{Blight2}} Deals 100% of remaining {{Blight2}} on Target as DMG<br /> Remove {{Blight2}} unless Target {{Combo}},NA,{{DoTBombDesc}} }},Flag,inf,inf,Scourge,Sepsis,Flagellant
76,Undying,oooo,oooo,heal,NA,NA,0.0,0.0,Take {{HP2}} 10% DMG,NA,1,0,{{Regen|3}},{{Regen|5}},Ally,NA,Flag,inf,inf,Wanderer,Undying,Flagellant
77,Necrosis,.oo.,o-o-o-o,melee,3-6,4-8,0.05,0.0, Per enemy with {{Blight2}}:  * {{HP2|heal|5%}} }},NA,1,0, Requires:  * Target has {{Blight2}},NA,NA,NA,Flag,inf,inf,Wanderer,Necrosis,Flagellant
78,Pick to the Face,.ooo,oo..,melee,4-7,5-9,0.15,0.2,NA,NA,0,0," {{Block|ignore}}<br /> If {{Combo}}: <span class""buff-dd2"">+50%</span> CRIT"," {{Block|ignore}}<br /> If {{Combo}}: <span class""buff-dd2"">+50%</span> CRIT On CRIT: {{Block|remove|}}",NA,NA,GR,inf,inf,Wanderer,Pick to the Face,Grave Robber
79,Thrown Dagger,ooo.,.ooo,ranged,3-6,4-8,0.15,0.3,NA,NA,0,0," {{Guard2|ignore}}<br /> If {{Combo}}: <span class""buff-dd2"">+50%</span> CRIT<br> If Self {{Stealth2}}: {{Dodge|ignore}}",NA,NA,NA,GR,inf,inf,Wanderer,Thrown Dagger,Grave Robber
80,Thrown Dagger (Deadeye),oo..,.ooo,ranged,4-7,5-9,0.2,0.3,NA, On CRIT: {{Speed2|+2}} (3 Turns),0,0," {{Guard2|ignore}}<br /> If {{Combo}}: <span class""buff-dd2"">+50%</span> CRIT<br> If Self {{Stealth2}}: {{Dodge|ignore}} }}",NA,NA,NA,GR,inf,inf,Deadeye,Thrown Dagger,Grave Robber
81,Thrown Dagger (Venomdrop),ooo.,.ooo,ranged,3-5,4-7,0.15,0.3,NA,NA,0,0," If {{Combo}}: <span class""buff-dd2"">+50%</span> CRIT<br> If Self {{Stealth2}}: {{Dodge|ignore}}"," If {{Combo}}: <span class""buff-dd2"">+50%</span> CRIT<br /> If {{Blight2}}: {{Weak}}<br> If Self {{Stealth2}}: {{Dodge|ignore}} }}",NA,NA,GR,inf,inf,Venomdrop,Thrown Dagger,Grave Robber
82,Thrown Dagger (Nightsworn),ooo.,.ooo,ranged,3-6,4-8,0.15,0.3,NA,NA,0,0," If {{Combo}}: <span class""buff-dd2"">+50%</span> CRIT<br> If Self {{Stealth2}}: Ignores {{Dodge}}{{Riposte2}} }}",NA,NA,NA,GR,inf,inf,Nightsworn,Thrown Dagger,Grave Robber
83,Flashing Daggers,ooo.,.o-o.,ranged,3-5,4-6,0.15,0.2,NA,NA,0,0,NA,If Self {{Stealth2}}: {{Dodge|ignore}} }},NA,NA,GR,inf,inf,Wanderer,Flashing Daggers,Grave Robber
84,Flashing Daggers (Deadeye),oo..,..o-o,ranged,3-5,4-7,0.2,3.0,NA,NA,0,0,NA,NA,NA,NA,GR,inf,inf,Deadeye,Flashing Daggers,Grave Robber
85,Flashing Daggers (Venomdrop),ooo.,.o-o.,ranged,2-3,3-4,0.1,0.2,If {{Stealth2}}: {{Blight2|dealt|+2}},NA,0,0,{{Blight2|2}},{{Blight2|3}} }},NA,NA,GR,inf,inf,Venomdrop,Flashing Daggers,Grave Robber
86,Flashing Daggers (Nightsworn),ooo.,.o-o-o,ranged,3-5,4-6,0.1,0.15,''Requires {{Stealth2}}''<br /> Remove {{Stealth2}} (50%),''Requires {{Stealth2}}'' }},1,0,NA,NA,NA,NA,GR,inf,inf,Nightsworn,Flashing Daggers,Grave Robber
87,Poison Dart,ooo.,oooo,ranged,2-4,2-5,0.05,0.1,NA,NA,0,0," {{Blight2|2}}<br /> If {{Combo}}: <span class""buff-dd2"">+50%</span> CRIT"," {{Blight2|4}}<br /> If {{Combo}}: <span class""buff-dd2"">+50%</span> CRIT",NA,NA,GR,inf,inf,Wanderer,Poison Dart,Grave Robber
88,Poison Dart (Venomdrop),ooo.,oooo,ranged,2-4,2-5,0.05,0.1,If {{Stealth2}}: {{Blight2|dealt|+2}},If {{Stealth2}}: {{Blight2|dealt|+3}},0,0,{{Blight2|3}},{{Blight2|4}} }},NA,NA,GR,inf,inf,Venomdrop,Poison Dart,Grave Robber
89,Absinthe,oooo,self,buff,NA,NA,0.0,0.0," {{Dodge|3}}, {{SpeedToken}}<br /> If {{HP2}} < 33%:  * {{HP2|heal|33%}}"," {{Dodge+|3}}, {{SpeedToken}}<br /> If {{HP2}} < 33%:  * {{HP2|heal|33%}}",0,0,NA,NA,NA,NA,GR,3,inf,Wanderer,Absinthe,Grave Robber
90,Absinthe (Deadeye),oooo,self,buff,NA,NA,0.0,0.0," {{Dodge|2}}<br /> If {{HP2}} < 33%:  * {{HP2|heal|33%}} <span class""buff-dd2"">+4%</span> CRIT (1 Battle)"," {{Dodge+|2}}<br /> If {{HP2}} < 33%:  * {{HP2|heal|33%}} <span class""buff-dd2"">+6%</span> CRIT (1 Battle) }}",0,0,NA,NA,NA,NA,GR,3,inf,Deadeye,Absinthe,Grave Robber
91,Absinthe (Venomdrop),oooo,self,buff,NA,NA,0.0,0.0, Remove {{Blight2}}<br /> {{Blight2|res|+30}}<br /> If {{HP2}} < 50%:  * {{HP2|heal|33%}}, Remove {{DoT2}}<br /> {{Blight2|res|+30}}<br /> If {{HP2}} < 50%:  * {{HP2|heal|33%}},0,0,NA,NA,NA,NA,GR,3,inf,Venomdrop,Absinthe,Grave Robber
92,Dead of Night,oooo,oooo,melee,NA,NA,0.0,0.0, {{HP2|heal|33%}}<br /> {{Stealth2}}, {{HP2|heal|33%}} {{Stealth2|2}}<br /> {{Stress2|-1}},0,0,"<span class""death"">Clear Corpse</span>",NA,Corpse,{{CorpseClear2Desc}},GR,3,inf,Wanderer,Dead of Night,Grave Robber
93,Glint in the Dark,.ooo,ooo.,ranged,4-7,6-9,0.05,0.1,NA,NA,0,0, {{Stealth2|ignore}}<br /> {{Stealth2|remove}}<br /> {{Execution|1}}, {{Stealth2|ignore}}<br /> {{Stealth2|remove}}<br /> {{Execution|1}}<br /> If Self {{Stealth2}}: {{Execution|3}},NA,NA,GR,inf,inf,Wanderer,Glint in the Dark,Grave Robber
94,Lunge,oo..,ooo.,melee,5-8,7-11,0.2,0.3,{{Move2|forward|2}},NA,0,0, If Self {{Stealth2}}: {{Dodge|ignore}}<br /> On CRIT: {{Move2|knockback|2}}, If Self {{Stealth2}}: Ignores {{Dodge}}{{Block}}<br /> On CRIT: {{Move2|knockback|3}},NA,NA,GR,inf,inf,Wanderer,Lunge,Grave Robber
95,Lunge (Nightsworn),oo..,ooo.,melee,5-8,7-11,0.2,0.3, {{Move2|forward|2}}<br /> If {{Stealth2}}:  * {{Dodge|ignore}} * +50% DMG,NA,0,0,NA,{{Execution|1}} }},NA,NA,GR,inf,inf,Nightsworn,Lunge,Grave Robber
96,Pirouette,..oo,o-o..,ranged,4-7,6-9,0.1,0.15, {{Move2|back|3}}<br /> If Not {{Stealth2}}: {{Daze2}}{{Weak}}, {{Move2|back|3}}<br /> If Not {{Stealth2}}: {{Daze2}}{{Weak}},1,0,NA, If Self {{Stealth2}}: {{Daze2}}{{Weak}},NA,NA,GR,inf,inf,Wanderer,Pirouette,Grave Robber
97,Pirouette (Nightsworn),..oo,o-o..,ranged,4-7,6-9,0.1,0.15,{{Move2|back|3}},NA,1,0,NA, If Self {{Stealth2}}: {{block|ignore}} }},NA,NA,GR,inf,inf,Nightsworn,Pirouette,Grave Robber
98,Repartee,oooo,self,buff,NA,NA,0.0,0.0, {{Dodge|3}}<br /> {{Taunt|2}}<br /> {{Stealth2|remove}}, {{Dodge+|3}}<br /> {{Taunt|2}}<br /> If {{Stealth2}}:  * {{Buff2|-}} (3 Turns): ** If Missed: {{Dodge}} (50%) {{Stealth2|remove}},2,0,NA,NA,NA,NA,GR,inf,inf,Wanderer,Repartee,Grave Robber
99,Repartee (Deadeye),oooo,self,buff,NA,NA,0.0,0.0, {{Dodge|3}}<br /> {{Taunt|2}}<br /> Remove {{Stealth2}}," {{Dodge+|3}}<br /> {{Taunt|2}}<br /> If {{Stealth2}}:  * {{Buff2|-}} (3 Turns): ** If Missed: <span class""buff-dd2"">+4%</span> CRIT Remove {{Stealth2}} }}",2,0,NA,NA,NA,NA,GR,inf,inf,Deadeye,Repartee,Grave Robber
100,Repartee (Nightsworn),oooo,oooo,buff,NA,NA,0.0,0.0, {{Buff2|-}} (2 Turns):  * Turn Start: {{Stealth2}} {{Buff2|-}} (3 Rounds):  * Turn End: {{Stealth2|remove}}, {{Buff2|-}} (3 Turns):  * Turn Start: {{Stealth2}} {{Buff2|-}} (4 Rounds): * Turn End: {{Stealth2|remove}},3,0,{{Taunt|2}},{{Taunt|3}},Ally,The {{Taunt|-}} tokens cannot be resisted. }},GR,inf,inf,Nightsworn,Repartee,Grave Robber
101,Shadow Fade,..oo,self,buff,NA,NA,0.0,0.0, {{Move2|back|2}}<br /> {{Stealth2|2}}, {{Move2|back|2}}<br /> {{Stealth2|2}}<br /> {{Strength}},2,0,NA,NA,NA,NA,GR,inf,inf,Wanderer,Shadow Fade,Grave Robber
102,Shadow Fade (Venomdrop),..oo,self,buff,NA,NA,0.0,0.0, {{Move2|back|2}}<br /> {{Stealth2|2}}<br /> {{Blight2|pierce|20}} (1 Turn), {{Move2|back|2}}<br /> {{Stealth2|2}}<br /> {{SpeedToken}}<br /> {{Blight2|pierce|20}} (2 Turns) }},2,0,NA,NA,NA,NA,GR,inf,inf,Venomdrop,Shadow Fade,Grave Robber
103,Wicked Hack,..oo,oo..,melee,4-8,6-10,0.05,0.1,NA,NA,0,0,"If {{Combo}}: <span class""buff-dd2"">+50%</span> DMG",NA,NA,NA,Hel,inf,inf,Wanderer,Wicked Hack,Hellion
104,Wicked Hack (Carcass),..oo,oo..,melee,4-8,6-10,0.05,0.1,NA,NA,0,0," {{Block|remove}}<br /> If {{Combo}}: <span class""buff-dd2"">+50%</span> DMG }}",NA,NA,NA,Hel,inf,inf,Carcass,Wicked Hack,Hellion
105,Iron Swan,...o,...o,melee,4-8,6-10,0.05,0.1,NA,NA,0,0,NA,{{Combo}},NA,NA,Hel,inf,inf,Wanderer,Iron Swan,Hellion
106,Barbaric YAWP!,..oo,o-o..,ranged,NA,NA,0.05,0.1,{{Winded}},NA,1,0, {{Stealth2|ignore}}<br /> {{Stealth2|remove}}<br /> {{Weak}}, {{Stealth2|ignore}}<br /> {{Stealth2|remove}}<br /> {{Weak|2}}<br /> If {{Combo}}: {{StunToken}},NA,NA,Hel,inf,inf,Wanderer,Barbaric YAWP!,Hellion
107,Barbaric YAWP! (Carcass),..oo,o-o..,ranged,NA,NA,0.05,0.1, {{Winded}}<br /> {{Taunt|2}},NA,1,0, {{Stealth2|ignore}}<br /> {{Stealth2|remove}}<br /> {{Weak}}, {{Stealth2|ignore}}<br /> {{Stealth2|remove}}<br /> {{Weak|2}}<br /> If {{Combo}}: {{StunToken}} }},NA,NA,Hel,inf,inf,Carcass,Barbaric YAWP!,Hellion
108,If It Bleeds,.oo.,.oo.,melee,3-6,NA,0.05,0.1,NA,NA,0,0, {{Bleed2|2}}<br /> If {{Combo}}:  * {{Bleed2|pierce|+30}}, {{Bleed2|4}}<br /> If {{Combo}}:  * {{Bleed2|pierce|+30}},NA,NA,Hel,inf,inf,Wanderer,If It Bleeds,Hellion
109,If It Bleeds (Ravager),.oo.,.oo.,melee,3-6,NA,0.05,0.1,NA,NA,0,0, {{Bleed2|2}}<br /> {{Bleed2|pierce|-33}}<br /> If {{Combo}}:  * {{Bleed2|pierce|+30}}, {{Bleed2|4}}<br /> {{Bleed2|pierce|-33}}<br /> If {{Combo}}:  * {{Bleed2|pierce|+30}} }},NA,NA,Hel,inf,inf,Ravager,If It Bleeds,Hellion
110,If It Bleeds (Berserker),.oo.,.oo.,melee,3-6,NA,0.15,0.2,NA,NA,0,0, {{Bleed2|2}}<br /> {{Bleed2|pierce|+33}}<br /> If {{Combo}}:  * {{Bleed2|pierce|+30}}, {{Bleed2|4}}<br /> {{Bleed2|pierce|+33}}<br /> If {{Combo}}:  * {{Bleed2|pierce|+30}} }},NA,NA,Hel,inf,inf,Berserker,If It Bleeds,Hellion
111,Toe to Toe,.ooo,oo..,melee,2-4,3-5,0.05,0.0," {{Move2|forward|1}}<br /> {{Immob}}, {{Taunt|2}}"," {{Move2|forward|1}}<br /> {{Immob}}, {{Taunt|2}}<br /> {{Winded|remove}}",0,0,NA,NA,NA,NA,Hel,inf,inf,Wanderer,Toe to Toe,Hellion
112,Adrenaline Rush,oooo,self,heal,NA,NA,0.0,0.0, Requires {{HP2}} < 33%:<br /> {{HP2|heal|20%}}<br /> Remove {{Winded}}{{Bleed2}}<br /> {{Buff2|-}} (3 Turns):  * On Hit: {{HP2|heal|20%}}, Requires {{HP2}} < 33%:<br /> {{HP2|heal|25%}}<br /> Remove {{Winded}}{{DoT2}}<br /> {{Buff2|-}} (3 Turns):  * On Hit: {{HP2|heal|20%}},3,0,NA,NA,NA,NA,Hel,2,inf,Wanderer,Adrenaline Rush,Hellion
113,Bleed Out,...o,o...,melee,4-8,6-9,0.05,0.1,{{Winded}},NA,0,0, {{Bleed2|4}}<br /> If {{Combo}}:  * {{Bleed2|pierce|+30}}, {{Bleed2|6}}<br /> If {{Combo}}:  * {{Bleed2|pierce|+30}},NA,NA,Hel,inf,inf,Wanderer,Bleed Out,Hellion
114,Bleed Out (Ravager),...o,o...,melee,4-8,6-9,0.05,0.1,{{Winded}},NA,0,0, {{Bleed2|4}}<br /> {{Bleed2|pierce|-33}}<br /> If {{Combo}}:  * {{Bleed2|pierce|+30}}, {{Bleed2|6}}<br /> {{Bleed2|pierce|-33}}<br /> If {{Combo}}:  * {{Bleed2|pierce|+30}} }},NA,NA,Hel,inf,inf,Ravager,Bleed Out,Hellion
115,Bleed Out (Berserker),...o,o...,melee,4-8,6-9,0.15,0.2,{{Winded}},NA,0,0, {{Bleed2|4}}<br /> {{Bleed2|pierce|+33}}<br /> If {{Combo}}:  * {{Bleed2|pierce|+30}}, {{Bleed2|6}}<br /> {{Bleed2|pierce|+33}}<br /> If {{Combo}}:  * {{Bleed2|pierce|+30}} }},NA,NA,Hel,inf,inf,Berserker,Bleed Out,Hellion
116,Bloodlust,.ooo,self,buff,NA,NA,0.0,0.0," {{Winded|remove}}<br /> {{Buff2|-}} (5 Turns):  * If Target {{Bleed2}}: ** <span class""buff-dd2"">+30%</span> DMG"," {{Winded|remove}}<br /> {{Buff2|-}} (5 Turns):  * If Target {{Bleed2}}: ** <span class""buff-dd2"">+30%</span> DMG ** {{Execution|1}}",2,0,NA,NA,NA,NA,Hel,inf,inf,Wanderer,Bloodlust,Hellion
117,Breakthrough,ooo.,ooo.,melee,3-6,4-7,0.05,0.0, {{Move2|forward|2}}<br /> {{Winded}},NA,1,0, {{Guard2|ignore}}<br /> {{Guard2|remove}}, {{Guard2|ignore}}<br /> {{Guard2|remove}}<br /> {{Debuff2|-}} (2 Rounds):  * Cannot Gain {{Block}},NA,NA,Hel,inf,inf,Wanderer,Breakthrough,Hellion
118,Raucous Revelry,oooo,o-o-o-o,buff,NA,NA,0.0,0.0, {{Winded}}<br /> Remove{{Horror2}}<br /> If {{HP2}} < 33%:  * {{HP2|heal|20%}} If {{Stress2}} ≥5: {{Stress2|-2}}, {{Winded}}<br /> Remove{{Horror2}}<br /> {{DB2|res|+10}}<br /> If {{HP2}} < 33%:  * {{HP2|heal|25%}} If {{Stress2}} ≥5: {{Stress2|-2}},1,0, If {{Stress2}} ≥5: {{Stress2|-1}},NA,NA,NA,Hel,inf,inf,Wanderer,Raucous Revelry,Hellion
119,Howling End,..oo,oo..,melee,8-14,10-18,0.1,0.15, {{Move2|back|1}}<br /> {{Winded}},NA,3,2,NA,NA,NA,NA,Hel,inf,inf,Wanderer,Howling End,Hellion
120,Wicked Slice,.ooo,oo..,melee,4-8,6-9,0.15,0.2,NA,NA,0,0,{{Execution|1}},NA,NA,NA,Hwm,inf,inf,Wanderer,Wicked Slice,Highwayman
121,Wicked Slice (Rogue),..oo,oo..,melee,4-8,6-9,0.15,0.2,NA,NA,0,0,{{Execution|1}},{{Execution|2}} }},NA,NA,Hwm,inf,inf,Rogue,Wicked Slice,Highwayman
122,Pistol Shot,ooo.,.ooo,ranged,3-6,5-8,0.1,0.15,NA,NA,0,0,If {{Combo}}: {{Daze2}},If {{Combo}}: {{StunToken}},NA,NA,Hwm,inf,inf,Wanderer,Pistol Shot,Highwayman
123,Pistol Shot (Sharpshot),oo..,.ooo,ranged,4-8,7-10,0.1,1.5,NA,NA,0,0,NA,NA,NA,NA,Hwm,inf,inf,Sharpshot,Pistol Shot,Highwayman
124,Duelist's Advance,ooo.,ooo.,melee,3-5,4-6,0.05,0.1, {{Move2|forward|1}}<br /> {{Riposte2|2}}," {{Move2|forward|1}}<br /> {{Riposte2|3}}, {{Dodge}}",0,0,NA,NA,NA,NA,Hwm,inf,inf,Wanderer,Duelist's Advance,Highwayman
125,Duelist's Advance (Rogue),ooo.,ooo.,melee,3-5,4-6,0.05,0.1," {{Move2|forward|2}}<br /> {{Riposte2|2}}, {{Block}}"," {{Move2|forward|2}}<br /> {{Riposte2|2}}, {{Block+}} }}",0,0,NA,NA,NA,NA,Hwm,inf,inf,Rogue,Duelist's Advance,Highwayman
126,Tracking Shot,oooo,oooo,ranged,NA,NA,0.0,0.0,NA,NA,0,0, Ignores {{Dodge}}{{Stealth2}}<br /> Remove {{Dodge}}{{Stealth2}}<br /> {{Combo}}, Ignores {{Dodge}}{{Stealth2}}<br /> Remove {{Dodge}}{{Stealth2}}<br /> {{Combo}}<br /> {{Debuff2|-}} (2 Rounds):  * Cannot Gain {{Dodge}},NA,NA,Hwm,inf,inf,Wanderer,Tracking Shot,Highwayman
127,Take Aim,oooo,self,buff,NA,NA,0.0,0.0, {{Crit}}<br /> Remove {{Blind}}, {{Crit|2}}<br /> Remove {{Blind}},2,0,NA,NA,NA,NA,Hwm,inf,inf,Wanderer,Take Aim,Highwayman
128,Take Aim (Rogue),.ooo,self,buff,NA,NA,0.0,0.0, {{Riposte2|2}}<br> {{SpeedToken}}<br> {{Buff2|-}} (3 Turns): * Round Start: {{Riposte2}}," {{Riposte2|2}}<br> {{SpeedToken}}<br> {{Buff2|-}} (3 Turns): * Round Start: {{Riposte2}}  {{Buff2|-}} (4 Turns):  * {{Riposte2}}: <span class""buff-dd2"">+25%</span> DMG  }}",3,0,NA,NA,NA,NA,Hwm,inf,inf,Rogue,Take Aim,Highwayman
129,Point Blank Shot,...o,o...,ranged,6-10,10-13,0.1,0.15,{{Move2|back|1}},NA,0,0, {{Move2|knockback|1}}<br /> {{Combo}},NA,NA,NA,Hwm,inf,inf,Wanderer,Point Blank Shot,Highwayman
130,Point Blank Shot (Sharpshot),...o,o...,ranged,6-10,10-13,0.1,0.15,{{Move2|back|2}},NA,0,0, {{Move2|knockback|2}}<br /> {{Combo}} }},NA,NA,NA,Hwm,inf,inf,Sharpshot,Point Blank Shot,Highwayman
131,Grapeshot Blast,oooo,o-o..,ranged,3-5,4-6,0.05,0.1,NA,NA,0,0,NA,{{Speed2|-2}},NA,NA,Hwm,inf,inf,Wanderer,Grapeshot Blast,Highwayman
132,Grapeshot Blast (Rogue),...o,o-o-o.,ranged,3-5,4-6,0.05,0.1,{{Move2|back|1}} }},NA,0,0,NA,NA,NA,NA,Hwm,inf,inf,Rogue,Grapeshot Blast,Highwayman
133,Grapeshot Blast (Sharpshot),oo..,..o-o,ranged,3-6,5-7,0.1,1.5,NA,NA,0,0,NA,NA,NA,NA,Hwm,inf,inf,Sharpshot,Grapeshot Blast,Highwayman
134,Grapeshot Blast (Yellowhand),.ooo,o-o..,ranged,2-3,3-4,0.05,0.1,NA,NA,0,0, {{Debuff2|-}} (3 Turns):  *{{Bleed2|res|-10}}, {{Debuff2|-}} (3 Turns):  *{{Bleed2|res|-15}}<br /> *{{Bleed2|received|+1}} }},NA,NA,Hwm,inf,inf,Yellowhand,Grapeshot Blast,Highwayman
135,Open Vein,.ooo,oo..,melee,3-5,4-6,0.05,0.1,NA,NA,0,0,{{Bleed2|2}}<br />If {{Combo}}: {{Bleed2|4}},{{Bleed2|3}}<br />If {{Combo}}: {{Bleed2|6}} }},NA,NA,Hwm,inf,inf,Wanderer,Open Vein,Highwayman
136,Open Vein (Yellowhand),.ooo,oo..,melee,3-5,4-6,0.05,0.1,NA,NA,0,0,{{Bleed2|3}}, {{Bleed2|4}}<br /> {{Bleed2|res|-10}} }},NA,NA,Hwm,inf,inf,Yellowhand,Open Vein,Highwayman
137,Double Tap,.oo.,.oo.,ranged,4-8,6-9,0.05,0.1,NA,NA,0,0,"If {{HP2}} < 30%: <span class""buff-dd2"">+30%</span> DMG"," If {{HP2}} < 50%: <span class""buff-dd2"">+30%</span> DMG<br /> {{Execution|1}} }}",NA,NA,Hwm,inf,inf,Wanderer,Double Tap,Highwayman
138,Double Tap (Sharpshot),ooo.,ooo.,ranged,2-4,3-5,0.05,0.1,{{Move2|back|1}},NA,0,0,If Not Killed: [[#Second Shot (Sharpshot)|Second Shot]], {{Execution|1}}<br /> If Not Killed: {{SkillUpgrade}}[[#Second Shot (Sharpshot)|Second Shot]] }} ,Not Corpse,NA,Hwm,inf,inf,Sharpshot,Double Tap,Highwayman
139,Second Shot (Sharpshot),ooo.,ooo.,ranged,2-4,3-5,0.05,0.1,NA,NA,0,0,{{Taunt|ignore}}, {{Taunt|ignore}}<br /> {{Execution|1}}<br /> {{Combo}},NA,<i></i>  *The Highwayman must target the same enemy targeted by [[#Double Tap (Sharpshot)|Double Tap]]. *This skill is an [[Combat Mechanics (Darkest Dungeon II)#Extra Actions|extra action]]. }},Hwm,inf,inf,Sharpshot,Second Shot,Highwayman
140,Highway Robbery,ooo.,ooo.,melee,NA,NA,0.05,0.0,NA,"<span class""buff-dd2"">+5%</span> CRIT",1,0," {{Dodge|ignore}}<br /> Remove 2 <span class""buff-dd2"">Positive</span> [[Tokens]]<br /> <span class""debuff-dd2"">-5%</span> CRIT"," {{Dodge|ignore}}<br /> Steal 2 <span class""buff-dd2"">Positive</span> [[Tokens]]<br /> <span class""debuff-dd2"">-5%</span> CRIT",NA,NA,Hwm,inf,inf,Wanderer,Highway Robbery,Highwayman
141,Highway Robbery (Yellowhand),.ooo,ooo.,melee,NA,NA,0.05,0.0,NA,{{Bleed2|dealt|+2}},1,0," {{Dodge|ignore}}<br /> Remove 2 <span class""buff-dd2"">Positive</span> [[Tokens]]<br /> {{Bleed2|dealt|-2}}"," {{Dodge|ignore}}<br /> Steal 2 <span class""buff-dd2"">Positive</span> [[Tokens]]<br /> {{Bleed2|dealt|-2}}",NA,NA,Hwm,inf,inf,Yellowhand,Highway Robbery,Highwayman
142,Double Cross,..oo,oo..,melee,2-4,3-5,0.05,0.1,{{Block}},NA,0,0, {{Block|ignore}}<br /> {{Block|remove}}<br /> {{Vuln}}, {{Block|ignore}}<br /> {{Block|remove}}<br /> {{Vuln|2}},NA,NA,Hwm,inf,inf,Wanderer,Double Cross,Highwayman
143,''Riposte Attack'',oooo,oooo,melee,4-6,NA,0.1,0.0,NA,NA,0,0,{{Combo}} (33%),NA,NA,{{Riposte2Desc}},Hwm,inf,inf,Wanderer,''Riposte Attack'',Highwayman
144,''Riposte Attack'' (Yellowhand),oooo,oooo,melee,4-6,NA,0.1,0.0,NA,NA,0,0,{{Bleed2|2}},NA,NA,{{Riposte2Desc}} }},Hwm,inf,inf,Yellowhand,''Riposte Attack'',Highwayman
145,Razor's Wit,ooo.,ooo.,melee,3-6,4-7,0.1,0.15,{{Move2|forward|1}}, {{Move2|forward|1}}<br /> Add {{Dodge}},0,0,Add {{Combo}},NA,NA,NA,Jest,inf,inf,Wanderer,Razor's Wit,Jester
146,Fade to Black,.ooo,ooo.,melee,3-6,4-7,0.1,0.15,{{Move2|back|1}},NA,0,0,Add {{Blind}}, Add {{Blind}}<br /> Add {{Combo}},NA,NA,Jest,inf,inf,Wanderer,Fade to Black,Jester
147,Slice Off,.oo.,.oo.,melee,3-6,4-7,0.05,0.1,NA,NA,0,0,{{Bleed2|3}}, {{Bleed2|3}}<br /> Add {{Vuln}},NA,NA,Jest,inf,inf,Wanderer,Slice Off,Jester
148,Battle Ballad,ooo.,oooo,buff,NA,NA,0.0,0.0,NA,NA,1,0, {{Move2|forward|1}}<br /> Add {{Strength}}, {{Move2|forward|2}}<br /> Add {{Strength}}<br /> Add {{Strength}} (85%) or {{Crit}} (15%),NA,NA,Jest,inf,inf,Wanderer,Battle Ballad,Jester
149,Battle Ballad (Virtuoso),ooo.,oooo,buff,NA,NA,0.0,0.0, {{Buff2|-}} (Next [[#Encore (Virtuoso)|Encore]]):  * {{Strength}}, {{Buff2|-}} (Next [[#Encore (Virtuoso)|Encore]]):  * {{Strength}} (85%) or {{Crit}} (15%),1,0, {{Move2|forward|1}}<br /> Add {{Strength}}, {{Move2|forward|1}}<br /> Add {{Strength}}<br /> Add {{Strength}} (85%) or {{Crit}} (15%) }},NA,NA,Jest,inf,inf,Virtuoso,Battle Ballad,Jester
150,Battle Ballad (Soloist),ooo.,oooo,buff,NA,NA,0.0,0.0, {{Buff2|-}} (Next [[#Finale (Soloist)|Finale]]):  * Ignore {{Blind}}, {{Buff2|-}} (Next [[#Finale (Soloist)|Finale]]):  * Ignore {{Blind}}{{Dodge}},1,0, {{Move2|forward|1}}<br /> Add {{Strength}}, {{Move2|forward|1}}<br /> Add {{Strength}}<br /> Add {{Strength}} (85%) or {{Crit}} (15%) }},NA,NA,Jest,inf,inf,Soloist,Battle Ballad,Jester
151,Battle Ballad (Intermezzo),ooo.,ooo.,buff,NA,NA,0.0,0.0,NA,NA,0,0, {{Move2|forward|1}}<br /> {{Bleed2|2}}<br /> Add {{Strength}}<br /> Add one of the following:  * {{Strength}} (70%) * {{Crit}} (5%) * {{SpeedToken}} (25%), {{Move2|forward|1}}<br /> {{Bleed2|2}}<br /> Add {{Strength}}<br /> Add {{Crit}} (15%)<br /> Add one of the following:  * {{Strength}} (65%) * {{Crit}} (10%) * {{SpeedToken}} (20%) * Extra Action (5%) }},NA,NA,Jest,inf,inf,Intermezzo,Battle Ballad,Jester
152,Inspiring Tune,oo..,oooo,buff,NA,NA,0.0,0.0,NA,NA,1,0, Requires {{Stress2}} > 5 :<br />{{Stress2|-2}}, Requires {{Stress2}} > 5 :<br />{{Stress2|-3}}<br />Remove {{Horror2}},NA,NA,Jest,inf,inf,Wanderer,Inspiring Tune,Jester
153,Inspiring Tune (Virtuoso),oo..,oooo,buff,NA,NA,0.0,0.0, {{Buff2}} (Next [[#Encore (Virtuoso)|Encore]]):<br />{{Stress2|res|+25}} (2 Turns), {{Buff2}} (Next [[#Encore (Virtuoso)|Encore]]):<br />{{Stress2|res|+33}} (2 Turns),1,0, Requires: {{Stress2}} > 5<br />{{Stress2|-2}}, Requires: {{Stress2}} > 5<br />{{Stress2|-3}}<br />When {{Stress2}} > 7:<br />{{Buff2}} : {{Stress2|res|+100}}  (2 Turns): }},NA,NA,Jest,inf,inf,Virtuoso,Inspiring Tune,Jester
154,Inspiring Tune (Intermezzo),oo..,o-o-o-o,buff,NA,NA,0.0,0.0,NA,NA,2,0, Requires {{Stress2}} > 5<br />{{Stress2|-1}}<br />When {{Bleed2}}:<br />{{Stress2|-1}}<br />{{Bleed2|1}}, Requires {{Stress2}} > 5 or {{Bleed2}}<br />When {{Stress2}} > 5:<br />{{Stress2|-1}}<br />When {{Bleed2}}:<br />{{Stress2|-1}}<br />{{Bleed2|1}} }},NA,NA,Jest,inf,inf,Intermezzo,Inspiring Tune,Jester
155,Harvest,.oo.,.o-o.,melee,2-4,3-4,0.05,0.1,NA,NA,0,0, {{Bleed2|2}}<br /> Add {{Combo}} (25%), {{Bleed2|3}}<br /> Add {{Combo}} (33%),NA,NA,Jest,inf,inf,Wanderer,Harvest,Jester
156,Harvest (Soloist),.ooo,.o-o.,melee,3-5,4-6,0.05,0.1," Per Target with {{Bleed2}}:  * <span class""heal-dd2"">Heal 10%</span> {{Buff2}} (Next [[#Finale (Soloist)|Finale]]):  * <span class""heal-dd2"">Heal 20%</span>"," Per Target with {{Bleed2}}:  * <span class""heal-dd2"">Heal 15%</span> {{Buff2|-}} (Next [[#Finale (Soloist)|Finale]]):  * <span class""heal-dd2"">Heal 30%</span>",0,0,Add {{Combo}} (25%),Add {{Combo}} (33%) }},NA,NA,Jest,inf,inf,Soloist,Harvest,Jester
157,Finale,..oo,oooo,ranged,6-12,10-13,0.1,0.2, {{Move2|back|3}}<br /> Add {{Vuln}}<br /> Add {{Daze}}<br /> On Killing Blow:  * {{Stress2|-1}}, {{Move2|back|3}}<br /> Add {{Vuln}}<br /> Add {{Daze}}<br /> On Killing Blow:  * {{Stress2|-2}},3,0, When {{Combo}}:  * +50% DMG, {{Execution|1}}<br /> When {{Combo}}:  * +50% DMG,NA,The {{Vuln}} and {{Daze2}} tokens cannot be resisted.,Jest,inf,inf,Wanderer,Finale,Jester
158,Finale (Virtuoso),..oo,oooo,ranged,6-12,10-13,0.1,0.2, {{Move2|back|3}}<br /> Add {{Vuln}}<br /> Add {{Daze}},NA,3,0, When {{Combo}}:  * +50% DMG On Killing Blow:  * Each Ally: ** {{Stress2|-1}} (50%), When {{Combo}}:  * +50% DMG On Killing Blow:  * Each Ally: ** {{Stress2|-1}} (67%) }},NA,NA,Jest,inf,inf,Virtuoso,Finale,Jester
159,Finale (Soloist),..oo,oooo,ranged,6-12,10-13,0.1,0.2, {{Move2|back|2}}<br /> Add {{Vuln}}<br /> Add {{Daze}}<br /> Consume ''Next Finale'' Buffs<br /> Consume ''Melee DMG'' Buffs,NA,0,0, When {{Combo}}:  * +50% DMG }},NA,NA,NA,Jest,3,inf,Soloist,Finale,Jester
160,Finale (Intermezzo),..oo,oooo,ranged,6-12,10-13,0.1,0.2, {{Move2|back|3}}<br /> Add {{Vuln}}<br /> Add {{Daze}},NA,3,0, When {{Combo}}:  * +50% DMG, When {{Combo}}:  * +50% DMG When {{Bleed2}}:  * +50% DMG }},NA,NA,Jest,inf,inf,Intermezzo,Finale,Jester
161,Solo,oo..,oooo,ranged,NA,NA,0.0,0.0, {{Move2|forward|3}}<br /> Add {{Dodge|2}}<br /> Add {{SpeedToken}}, {{Move2|forward|3}}<br /> Add {{Dodge+|2}}<br /> Add {{SpeedToken}},1,0,Add {{Combo}},NA,NA,NA,Jest,inf,inf,Wanderer,Solo,Jester
162,Solo (Virtuoso),ooo.,o-o-o-o,ranged,NA,NA,0.05,0.1," {{Move2|forward|2}}<br /> Add {{Dodge|2}}<br /> Add {{SpeedToken}}<br /> {{Buff2|-}} (Next [[#Encore (Virtuoso)|Encore]]):  * Remove 1 <span class""debuff-dd2"">Negative</span> Token (67%)"," {{Move2|forward|2}}<br /> Add {{Dodge|2}}<br /> Add {{SpeedToken}}<br /> {{Buff2|-}} (Next [[#Encore (Virtuoso)|Encore]]):  * Remove 1 <span class""debuff-dd2"">Negative</span> Token",0,0," Requires:  * {{Combo}} Add Random <span class""debuff-dd2"">Negative</span> Token<br />"," Requires:  * {{Combo}} Add Random <span class""debuff-dd2"">Negative</span> Token<br /> Add {{Combo}}",NA,<i></i>  * The (Next [[#Encore (Virtuoso)|Encore]] buff) prioritises removing {{StunToken|-}} before other tokens. * Each affected enemy will receive one of the following negative tokens: ** {{Weak}} (35%) ** {{Vuln}} (25%) ** {{Daze2}} (20%) ** {{Blind}} (15%) ** {{StunToken}} (5%) }},Jest,inf,inf,Virtuoso,Solo,Jester
163,Solo (Soloist),ooo.,oooo,ranged,NA,NA,0.0,0.0, {{Move2|forward|3}}<br /> Add {{Dodge|2}}<br /> Add {{Taunt|2}}, {{Move2|forward|3}}<br /> Add {{Dodge+|2}}<br /> Add {{Taunt|2}} }},2,0,NA,NA,NA,NA,Jest,inf,inf,Soloist,Solo,Jester
164,Solo (Intermezzo),oo..,oooo,ranged,NA,NA,0.05,0.1, {{Move2|forward|3}}<br /> Add {{Dodge|2}}, {{Move2|forward|3}}<br /> Add {{Dodge+|2}},1,0, {{Bleed2|2}}<br /> Add {{Combo}} }},NA,NA,NA,Jest,inf,inf,Intermezzo,Solo,Jester
165,Play Out,ooo.,oooo,buff,NA,NA,0.0,0.0,NA,NA,0,0, {{Move2|back|1}}<br /> Add {{Block}}, {{Move2|back|2}}<br /> Add {{Block+}}<br /> Remove {{Combo}},NA,NA,Jest,inf,inf,Wanderer,Play Out,Jester
166,Play Out (Virtuoso),ooo.,oooo,buff,NA,NA,0.0,0.0, {{Buff2|-}} (Next [[#Encore (Virtuoso)|Encore]]):  * Add {{Block}}, {{Buff2|-}} (Next [[#Encore (Virtuoso)|Encore]]):  * Add {{Block}} * Remove {{Combo}},0,0, {{Move2|back|1}}<br /> Add {{Block}}, {{Move2|back|1}}<br /> Add {{Block+}}<br /> Remove {{Combo}} }},NA,NA,Jest,inf,inf,Virtuoso,Play Out,Jester
167,Play Out (Soloist),ooo.,oooo,buff,NA,NA,0.0,0.0, {{Buff2|-}} (Next [[#Finale (Soloist)|Finale]]):  * Ignore {{Guard2}}, {{Buff2|-}} (Next [[#Finale (Soloist)|Finale]]):  * Ignore {{Guard2}}{{Block}},0,0, {{Move2|back|1}}<br /> Add {{Block}}, {{Move2|back|1}}<br /> Add {{Block+}}<br /> Remove {{Combo}} }},NA,NA,Jest,inf,inf,Soloist,Play Out,Jester
168,Play Out (Intermezzo),ooo.,.ooo,buff,NA,NA,0.0,0.0,NA,NA,0,0, {{Move2|back|1}}<br /> {{Bleed2|2}}<br /> Add {{Block}}<br /> Add one of the following:  * {{Block}} (50%) * {{Dodge}} (25%) * {{SpeedToken}} (25%)," {{Move2|back|1}}<br /> {{Bleed2|2}}<br /> Add {{Block+}}<br /> Add one of the following:  * {{Block+}} (50%) * {{Dodge+}} (25%) * {{SpeedToken}} (20%) * <span class""heal-dd2"">Heal 100% </span> (5%) }}",NA,NA,Jest,inf,inf,Intermezzo,Play Out,Jester
169,Encore,oo..,oooo,buff,NA,NA,0.0,0.0, Add {{Daze2}}<br /> Add {{Weak}}, Add {{Daze2}},3,2,Extra Action<br /> {{Bleed2|2}},NA,Ally,The {{Daze2}} and {{Weak}} tokens cannot be resisted.,Jest,inf,inf,Wanderer,Encore,Jester
170,Encore (Virtuoso),oooo,o-o-o-o,buff,NA,NA,0.0,0.0, {{Move2|back|2}}<br /> Remove all ''Next Encore'' Buffs,NA,0,0,Apply all ''Next Encore'' buffs }},NA,Ally,NA,Jest,2,4,Virtuoso,Encore,Jester
171,Encore (Soloist),oooo,self,buff,NA,NA,0.0,0.0, Restore All ''Last Finale'' Buffs<br /> {{Move2|forward|1}}, Restore All ''Last Finale'' Buffs<br /> {{Move2|forward|1}}<br /> Add {{SpeedToken}},4,2,NA,NA,NA,"<i></i>  * ''Last Finale'' buffs consist of all previously consumed [[#Finale (Soloist)|Finale]] and ''Melee DMG'' buffs. * Restored ''Finale DMG'' and ''Melee DMG'' buffs will be added to the current stacks, up to a limit of 3 stacks total. }}",Jest,inf,inf,Soloist,Encore,Jester
172,Echoing March,oo..,.ooo,ranged,NA,NA,0.05,0.1,NA,NA,1,0, {{Move2|pull|1}}<br /> {{Debuff2|-}} (3 Turns):  * Turn Start: ** {{Move2|pull|1}}, {{Move2|pull|2}}<br /> {{Debuff2|-}} (3 Turns):  * Turn Start: ** {{Move2|pull|2}},NA,NA,Jest,inf,inf,Wanderer,Echoing March,Jester
173,Echoing March (Virtuoso),oo..,ooo.,ranged,NA,NA,0.05,0.1, {{Buff2|-}} (Next [[#Encore (Virtuoso)|Encore]]):  * {{Speed2|+2}} (3 Turns), {{Buff2|-}} (Next [[#Encore (Virtuoso)|Encore]]):  * {{Speed2|+3}} (3 Turns),1,0, {{Move2|knockback|1}}<br /> {{Debuff2|-}} (3 Turns):  * Turn Start: ** {{Move2|knockback|1}}, {{Move2|knockback|2}}<br /> {{Debuff2|-}} (3 Turns):  * Turn Start: ** {{Move2|knockback|1}} }},NA,NA,Jest,inf,inf,Virtuoso,Echoing March,Jester
174,Echoing March (Intermezzo),oo..,.ooo,ranged,NA,NA,0.05,0.1,NA,NA,1,0, {{Move2|pull|1}}<br /> {{Bleed2|2}}<br /> {{Debuff2|-}} (3 Turns):  * Turn Start: ** {{Move2|pull|1}}, {{Move2|pull|1}}<br /> {{Bleed2|2}}<br /> {{Debuff2|-}} (3 Turns):  * Turn Start: ** {{Move2|pull|1}} * When Moving: ** {{Bleed2|2}} }},NA,NA,Jest,inf,inf,Intermezzo,Echoing March,Jester
175,Chop,..oo,oo..,melee,6-12,6-16,0.05,0.0,{{Blind}} (75%),{{Blind}} (60%),0,0, If {{Combo}}: {{Blind|ignore}},NA,NA,NA,Lep,inf,inf,Wanderer,Chop,Leper
176,Chop (Tempest),..oo,oo..,melee,7-15,8-18,0.05,0.0,{{Blind}} (75%),{{Blind}} (60%),0,0, If {{Combo}}: {{Blind|ignore}} }},NA,NA,NA,Lep,inf,inf,Tempest,Chop,Leper
177,Chop (Poet),..oo,oo..,melee,5-9,6-11,0.05,0.0,{{Blind}} (75%),{{Blind}} (60%),0,0, If {{Combo}}: {{Blind|ignore}} }},NA,NA,NA,Lep,inf,inf,Poet,Chop,Leper
178,Chop (Monarch),..oo,oo..,melee,1-7,1-11,0.05,0.0,{{Blind}} (75%),{{Blind}} (60%),0,0," If {{Combo}}: {{Blind|ignore}}<br /> Vs. [[Cosmic (Darkest Dungeon II)|Cosmic]]: <span class""buff-dd2"">+7</span> DMG }}",NA,NA,NA,Lep,inf,inf,Monarch,Chop,Leper
179,Purge,...o,o...,melee,2-4,3-5,0.05,0.0,NA,NA,0,0," {{Move2|knockback|3}}<br /> <span class""death"">Clear All Corpses</span>"," {{Combo}}<br /> {{Move2|knockback|3}}<br /> <span class""death"">Clear All Corpses</span>",NA,{{CorpseClear2Desc}},Lep,inf,inf,Wanderer,Purge,Leper
180,Purge (Poet),...o,o...,melee,2-3,3-4,0.05,0.0,NA,NA,0,0," {{Move2|knockback|3}}<br /> <span class""death"">Clear All Corpses</span>"," {{Combo}}<br /> {{Move2|knockback|3}}<br /> <span class""death"">Clear All Corpses</span>",NA,{{CorpseClear2Desc}} }},Lep,inf,inf,Poet,Purge,Leper
181,Purge (Monarch),...o,o...,melee,2-4,3-5,0.05,0.0,NA,NA,0,0," {{Vuln}}<br /> {{Move2|knockback|3}}<br /> <span class""death"">Clear All Corpses</span>"," {{Vuln}}{{Combo}}<br /> {{Move2|knockback|3}}<br /> <span class""death"">Clear All Corpses</span>",NA,{{CorpseClear2Desc}} }},Lep,inf,inf,Monarch,Purge,Leper
182,Withstand,.ooo,self,buff,NA,NA,0.0,0.0, {{Block|2}}<br /> {{Taunt|2}}<br /> {{Buff2|-}} (3 Turns):  * {{DoT2|res|+15}} * {{Move2|res|+15}} * Turn Start: {{Block}}, {{Block+|2}}<br /> {{Taunt|2}}<br /> {{Buff2|-}} (3 Turns):  * {{DoT2|res|+25}} * {{Move2|res|+25}} * Turn Start: {{Block}},3,0,NA,NA,NA,NA,Lep,2,inf,Wanderer,Withstand,Leper
183,Solemnity,..oo,self,heal,NA,NA,0.0,0.0, {{Stress2|-2}} If {{HP2}} < 33%:  * {{HP2|heal|33%}}, {{Stress2|-3}} If {{HP2}} < 33%:  * {{HP2|heal|50%}},0,0,NA,NA,NA,NA,Lep,2,inf,Wanderer,Solemnity,Leper
184,Solemnity (Poet),..oo,self,heal,NA,NA,0.0,0.0, {{Stress2|-2}} If {{HP2}} < 33%:  * {{HP2|heal|50%}}, {{Stress2|-3}} If {{HP2}} < 33%:  * {{HP2|heal|75%}} }},0,0,NA,NA,NA,NA,Lep,2,inf,Poet,Solemnity,Leper
185,Reflection,..oo,self,buff,NA,NA,0.0,0.0, {{Stress2|-1}}<br /> Remove {{Blind}}{{Combo}}, {{Stress2|-2}}<br /> Remove {{Blind}}{{Combo}} {{Debuff2|res|+20}},1,0,NA,NA,NA,NA,Lep,inf,inf,Wanderer,Reflection,Leper
186,Hew,..oo,o-o..,melee,3-7,4-9,0.05,0.0,{{Blind}} (75%),{{Blind}} (60%),0,0,If {{Combo}}: {{Blind|ignore}} ,NA,NA,Will ignore {{Blind}} for both targets even if only one of them has {{Combo}}.,Lep,inf,inf,Wanderer,Hew,Leper
187,Hew (Poet),..oo,o-o..,melee,3-5,4-7,0.05,0.0,{{Blind}} (75%),{{Blind}} (60%),0,0,If {{Combo}}: {{Blind|ignore}} ,NA,NA,Will ignore {{Blind}} for both targets even if only one of them has {{Combo}}. }},Lep,inf,inf,Poet,Hew,Leper
188,Revenge,oooo,self,buff,NA,NA,0.0,0.0, {{Vuln|2}}<br /> {{Buff2|-}} (3 Turns):  * Turn Start: {{Strength}}, {{Vuln}}<br /> {{Weak|remove}}<br /> {{Buff2|-}} (3 Turns):  * Turn Start: ** {{Strength}} ** {{Crit}} (15%),3,0,NA,NA,NA,The {{Vuln|-}} tokens cannot be resisted. }},Lep,2,inf,Wanderer,Revenge,Leper
189,Intimidate,...o,oooo,melee,1-2,2-3,0.05,0.0,{{Taunt|2}},NA,0,0,{{Weak|2}}, {{Stealth2|ignore}}<br /> {{Stealth2|remove}}<br /> {{Weak|2}},NA,NA,Lep,inf,inf,Wanderer,Intimidate,Leper
190,Intimidate (Monarch),...o,oooo,melee,1-2,2-3,0.05,0.0,{{Taunt|2}},NA,0,0," {{Weak|2}}, {{Vuln}}"," {{Stealth2|ignore}}<br /> {{Stealth2|remove}}<br /> {{Weak|2}}, {{Vuln}} }}",NA,NA,Lep,inf,inf,Monarch,Intimidate,Leper
191,Ruin,.ooo,self,buff,NA,NA,0.0,0.0," {{Buff2|-}} (3 Turns)*:  * If Damaged: <span class""buff-dd2"">+20%</span> DMG"," {{Bleed2|2}}<br /> {{Buff2|-}} (3 Turns)*:  * If Damaged: <span class""buff-dd2"">+20%</span> DMG",3,0,NA,NA,NA,"The buff from receiving damage will only last for as long as the buff from Ruin itself lasts, meaning that three turns after pressing the skill, all the damage buffs will be removed regardless of when you received the damage. }}",Lep,2,inf,Wanderer,Ruin,Leper
192,Break,..oo,oo..,melee,4-7,4-10,0.05,0.0,{{Blind}} (75%),{{Blind}} (60%),0,0, {{Block|ignore}}<br /> {{Block|remove}}<br /> If {{Combo}}: {{Blind|ignore}},NA,NA,NA,Lep,inf,inf,Wanderer,Break,Leper
193,Break (Poet),..oo,oo..,melee,3-5,4-7,0.05,0.0,{{Blind}} (75%),{{Blind}} (60%),0,0, {{Block|ignore}}<br /> {{Block|remove}} <br /> If {{Combo}}: {{Blind|ignore}},NA,NA,NA,Lep,inf,inf,Poet,Break,Leper
194,Bash,..oo,oo..,melee,2-4,3-5,0.05,0.0,{{Immob}},NA,0,0,{{Immob}}{{Daze2}},{{Immob}}{{Daze2}}{{Combo}},NA,NA,Lep,inf,inf,Wanderer,Bash,Leper
195,Crush,..oo,ooo.,melee,4-6,5-7,0.05,0.0, When Target {{Combo}}:  * {{HP2|heal|10%}}, When Target {{Combo}}:  * {{HP2|heal|20%}},0,0,NA,NA,NA,NA,MAA,inf,inf,Wanderer,Crush,Man-at-Arms
196,Crush (Sergeant),ooo.,oo..,melee,4-6,5-7,0.05,0.0, When Target {{Combo}}:  * All Allies Ahead: ** {{HP2|heal|2}}, Add {{Immob}}<br /> When Target {{Combo}}:  * All Allies Ahead: ** {{HP2|heal|2}} }},0,0,NA,NA,NA,NA,MAA,inf,inf,Sergeant,Crush,Man-at-Arms
197,Rampart,.ooo,oo..,melee,3-5,4-6,0.05,0.0,{{Move2|forward|1}},NA,0,0, {{Move2|knockback|1}}<br /> Add {{Daze2}}, {{Move2|knockback|1}}<br /> Add {{Daze2}}<br /> When {{Combo}}:  * Add {{StunToken}} ,NA,NA,MAA,inf,inf,Wanderer,Rampart,Man-at-Arms
198,Rampart (Bulwark),.ooo,oo..,melee,3-5,4-6,0.05,0.1, {{Move2|forward|1}}, {{Move2|forward|1}},0,0, {{Move2|knockback|1}}<br /> When Self {{Block}}/{{Block+}}x2:  * Add {{Immob|2}}, {{Move2|knockback|2}}<br /> When Self {{Block}}/{{Block+}}x2:  * Add {{Immob|2}} When Self {{Block}}/{{Block+}}x3:  * {{Move2|pierce|30}} * {{Debuff2|pierce|30}},NA,"When consuming {{Block}} or {{Block+}} tokens to buff the skill, {{Block}} tokens will be consumed first. }}",MAA,inf,inf,Bulwark,Rampart,Man-at-Arms
199,Defender,oooo,oooo,buff,NA,NA,0.0,0.0,Add {{Block|2}},Add {{Block+|2}},1,0,Add {{Guard2|2}},Add {{Guard2|3}},Ally,NA,MAA,inf,inf,Wanderer,Defender,Man-at-Arms
200,Bolster,oooo,oooo,buff,NA,NA,0.0,0.0, Add {{Block}}<br /> When {{Stress2}} 5+:  * {{Stress2|-1}}, Add {{Block+}}<br /> When {{Stress2}} 5+:  * {{Stress2|-2}},1,0, When {{Stress2}} 5+:  * {{Stress2|-1}}, When {{Stress2}} 5+:  * {{Stress2|-2}},Ally,NA,MAA,inf,inf,Wanderer,Bolster,Man-at-Arms
201,Hold the Line,ooo.,oo..,melee,3-6,4-7,0.1,0.0, {{Move2|forward|3}}<br /> Add {{Block}}<br /> Add {{Immob}}, {{Move2|forward|3}}<br /> Add {{Block|2}}<br /> Add {{Immob|2}},0,0,NA, When Target {{Combo}}:  * Add {{StunToken}} ,NA,NA,MAA,inf,inf,Wanderer,Hold the Line,Man-at-Arms
202,Hold the Line (Bulwark),ooo.,oo..,melee,3-6,4-7,0.1,0.15, {{Move2|forward|3}}<br /> Add {{Block}}, {{Move2|forward|3}}<br /> Add {{Block+}},0,0, When Self {{Block}}/{{Block+}}x2:  * Add {{StunToken}}, When Self {{Block}}/{{Block+}}x2:  * Add {{StunToken}} When Self {{Block}}/{{Block+}}x3:  * {{Stun2|pierce|30}},NA,"When consuming {{Block}} or {{Block+}} tokens to buff the skill, {{Block}} tokens will be consumed first. }}",MAA,inf,inf,Bulwark,Hold the Line,Man-at-Arms
203,Bellow,oooo,o-o-o-o,ranged,NA,NA,0.05,0.0,NA,NA,1,0, Remove {{Riposte2}}<br /> {{Speed2|-2}}," Remove {{Riposte2}}, {{Crit}}<br /> {{Speed2|-3}}",NA,NA,MAA,inf,inf,Wanderer,Bellow,Man-at-Arms
204,Bellow (Sergeant),ooo.,o-o-o-o,buff,NA,NA,0.0,0.0,NA,NA,2,0, All Allies Ahead:  * {{Buff2|-}} (3 Turns): ** {{Speed2|+3}}, All Allies Ahead:  * Remove 1 Negative Token * {{Buff2|-}} (3 Turns): ** {{Speed2|+3}} }},NA,NA,MAA,inf,inf,Sergeant,Bellow,Man-at-Arms
205,Bellow (Bulwark),oooo,o-o-o-o,ranged,NA,NA,0.0,0.0,NA,NA,1,0," Remove {{Strength}}, {{Riposte2}}"," Remove {{Strength}}, {{Riposte2}}, {{Crit}} }}",NA,NA,MAA,inf,inf,Bulwark,Bellow,Man-at-Arms
206,Bellow (Vanguard),oooo,self,buff,NA,NA,0.0,0.0, {{Stress2|+2}}<br /> Add two stacks of each Vanguard {{Buff2|-}} and {{Debuff2|-}}., {{Stress2|+1}}<br /> Add two stacks of each Vanguard {{Buff2|-}} and {{Debuff2|-}}.<br /> When [[#Courageous Abandon (Vanguard)|Courageous Abandon]] debuffs are maxed:  * {{Buff2|-}} (4 Turns): ** Ignore [[#Courageous Abandon (Vanguard)|Courageous Abandon]] debuffs. When [[#Riposte Attack (Vanguard)|Riposte]] debuffs are maxed:  * {{Buff2|-}} (4 Turns): ** Ignore [[#Riposte (Vanguard)|Riposte]] debuffs.,1,0,NA,NA,NA,[[#Courageous Abandon (Vanguard)|Courageous Abandon]] buffs and debuffs will only be applied if the skill is equipped. }},MAA,inf,inf,Vanguard,Bellow,Man-at-Arms
207,Retribution,oooo,self,buff,NA,NA,0.0,0.0, Add {{Riposte2|2}}<br /> Add {{Taunt}} x2, Add {{Riposte2|2}}<br /> Add {{Taunt}} x2,2,1,NA,NA,NA,NA,MAA,inf,inf,Wanderer,Retribution,Man-at-Arms
208,Retribution (Sergeant),ooo.,o-o-o-o,buff,NA,NA,0.0,0.0,NA,NA,2,0, All Allies Ahead:  * If {{HP2|-}} < 75%: ** Add {{Strength}}, All Allies Ahead:  * If {{HP2|-}} < 100%: ** Add {{Strength}} * If {{HP2|-}} < 25%: ** Add {{Crit}} }},NA,NA,MAA,inf,inf,Sergeant,Retribution,Man-at-Arms
209,Command,oooo,oooo,buff,NA,NA,0.0,0.0,NA,NA,1,0, Add {{Strength}}<br /> Remove {{Blind}}, Add {{Strength|2}}<br /> Remove {{Blind}},Ally,NA,MAA,inf,inf,Wanderer,Command,Man-at-Arms
210,Command (Sergeant),oooo,oooo,buff,NA,NA,0.0,0.0,NA,NA,1,0, {{Buff2|-}} (1 Battle):  * Next Hit Applies {{Combo}}, Add {{SpeedToken}}<br /> {{Buff2|-}} (1 Battle):  * Next Hit Applies {{Combo}},NA,<i></i>  * The buff will remain on the hero until a successful hit is registered. * {{Combo|-}} will be applied to all targets struck by the hero's next skill. }},MAA,inf,inf,Sergeant,Command,Man-at-Arms
211,Stand Fast,..oo,self,buff,NA,NA,0.0,0.0, Add {{Block|2}}<br /> Add {{Taunt|2}}<br /> Turn Start (3 Turns):  * Add {{Block}}, Add {{Block+|2}}<br /> Add {{Taunt|2}}<br /> Turn Start (3 Turns):  * Add {{Block+}},3,0,NA,NA,NA,NA,MAA,inf,inf,Wanderer,Stand Fast,Man-at-Arms
212,Stand Fast (Sergeant),oooo,oooo,buff,NA,NA,0.0,0.0,NA,NA,2,0, {{Buff2|-}} (3 Turns):  * {{DoT2|res|+30}} * {{Move2|res|+30}}, {{Buff2|-}} (3 Turns):  * {{DoT2|res|+50}} * {{Move2|res|+70}} }},NA,NA,MAA,inf,inf,Sergeant,Stand Fast,Man-at-Arms
213,Stand Fast (Bulwark),oooo,self,buff,NA,NA,0.0,0.0, Add {{Block|2}}<br /> Turn Start (3 Turns):  * Add {{Block}}, Remove {{Combo}}<br /> Add {{Block+|2}}<br />  Turn Start (3 Turns):  * Add {{Block+}} }},2,0,NA,NA,NA,NA,MAA,inf,inf,Bulwark,Stand Fast,Man-at-Arms
214,Stand Fast (Vanguard),.ooo,self,buff,NA,NA,0.0,0.0, Remove all Vanguard {{Buff2}} buffs and {{Debuff2}} debuffs.<br /> {{HP2|heal|10%}} per 2 Buffs removed., Remove all Vanguard {{Buff2}} buffs and {{Debuff2}} debuffs.<br /> {{HP2|heal|10%}} per 2 Buffs removed.<br /> {{Stress2|-1}} per 2 Debuffs removed.,3,0,NA,NA,NA,"Vanguard buffs and debuffs may stack up to 10 times (5 for each skill), so Stand Fast can heal up to {{HP2|50%}}, and {{Stress2|-5}} when fully upgraded. }}",MAA,inf,inf,Vanguard,Stand Fast,Man-at-Arms
215,Courageous Abandon,...o,oo..,melee,6-8,8-10,0.1,0.2, Requires {{Block}}<br /> Add {{Vuln}}<br /> {{Debuff2|-}} (2 Turns):  * Cannot Gain {{Block}},NA,0,0, ''Ignores {{Block}}''<br /> When Self {{Block}}/{{Block+}}×2:  * +100% DMG, ''Ignores {{Block}}''<br /> When Self {{Block}}/{{Block+}}×2:  * +100% DMG When Self {{Block}}/{{Block+}}×3:  * {{Execution|2}},NA,NA,MAA,inf,inf,Wanderer,Courageous Abandon,Man-at-Arms
216,Courageous Abandon (Vanguard),..oo,oo..,melee,4-6,NA,0.05,0.15, {{Buff2|-}} (1 Battle):  * This skill gains +2 DMG {{Debuff2|-}} (1 Battle):  * {{HP2|-6 Max}} Both the {{Buff2}} and {{Debuff2}} stack up to 3 times., {{Buff2|-}} (1 Battle):  * This skill gains +2 DMG {{Debuff2|-}} (1 Battle):  * {{HP2|-4 Max}} Both the {{Buff2}} and {{Debuff2}} stack up to 5 times. }},0,0,NA,NA,NA,NA,MAA,inf,inf,Vanguard,Courageous Abandon,Man-at-Arms
217,Strategic Withdrawal,..oo,oo..,melee,3-6,4-7,0.05,0.1, {{Move2|back|1}}, {{Move2|back|1}}<br /> Add {{SpeedToken}}<br /> When on {{DeathsDoor2|-}}:  * Add {{Block+}} * {{HP2|heal|33%}},1,0,Add {{Combo}},NA,NA,NA,MAA,inf,inf,Wanderer,Strategic Withdrawal,Man-at-Arms
218,''Riposte Attack'',oooo,oooo,melee,3-5,NA,0.05,0.0,NA,NA,0,0,NA,NA,NA,{{Riposte2Desc}},MAA,inf,inf,Wanderer,''Riposte Attack'',Man-at-Arms
219,''Riposte Attack'' (Bulwark),oooo,oooo,melee,3-5,NA,0.05,0.0,NA,NA,0,0,Add {{Daze2}} (33%),NA,NA,{{Riposte2Desc}} }},MAA,inf,inf,Bulwark,''Riposte Attack'',Man-at-Arms
220,''Riposte Attack'' (Vanguard),oooo,oooo,melee,3-5,NA,0.05,0.0, {{Buff2|-}} (1 Battle):  * This skill gains +1 DMG {{Debuff2|-}} (1 Battle):  * {{DoT2|res|-8}} Both the {{Buff2}} and {{Debuff2}} stack up to 5 times.,NA,0,0,NA,NA,NA,{{Riposte2Desc}} }},MAA,inf,inf,Vanguard,''Riposte Attack'',Man-at-Arms
221,Sacrificial Stab,.ooo,ooo.,melee,3-6,4-8,0.15,0.2, If Target {{Combo}}: {{UncheckedPower}}, If Target {{Combo}}: {{UncheckedPower}}<br /> On Kill: {{UncheckedPower}},0,0,NA,{{Execution|1}},NA,NA,Occ,inf,inf,Wanderer,Sacrificial Stab,Occultist
222,Sacrificial Stab (Aspirant),.ooo,ooo.,melee,4-7,5-10,0.15,0.2, If Target {{Combo}}: {{UncheckedPower}}, If Target {{Combo}}: {{UncheckedPower}}<br /> On Kill: {{UncheckedPower}},0,0,NA,{{Execution|1}} }},NA,NA,Occ,inf,inf,Aspirant,Sacrificial Stab,Occultist
223,Abyssal Artillery,oo..,..o-o,ranged,3-6,4-7,0.05,0.1,NA,NA,0,0,{{Combo}} (25%), {{Combo}} (33%)<br /> At {{UncheckedPower}} ≥2: {{StunToken}},NA,NA,Occ,inf,inf,Wanderer,Abyssal Artillery,Occultist
224,Abyssal Artillery (Warlock),oo..,..o-o,ranged,4-7,5-9,0.05,0.1,NA,NA,0,0,{{Combo}} (25%), {{Combo}} (33%)<br /> At {{UncheckedPower}} ≥2: {{StunToken}} }},NA,NA,Occ,inf,inf,Warlock,Abyssal Artillery,Occultist
225,Weakening Curse,oooo,oooo,ranged,NA,NA,0.05,0.1,NA,NA,1,0,"{{Weak|2}}, {{Combo}}"," {{Weak|2}}, {{Combo}}<br /> Remove {{Crit}}{{Strength}}",NA,NA,Occ,inf,inf,Wanderer,Weakening Curse,Occultist
226,Weakening Curse (Ritualist),oooo,oooo,ranged,NA,NA,0.05,0.1, {{Strength}} (15%)<br /> {{Crit}} (15%)<br /> {{Dodge+}} (15%) }},NA,1,0," {{Debuff2|pierce|+10}}<br /> {{Weak|2}}, {{Combo}}"," {{Debuff2|pierce|+10}}<br /> {{Weak|2}}, {{Combo}}<br /> Remove {{Crit}}{{Strength}}",NA,NA,Occ,inf,inf,Ritualist,Weakening Curse,Occultist
227,Weakening Curse (Aspirant),oooo,oooo,ranged,NA,NA,0.05,0.1,NA,NA,1,0," {{Debuff2|pierce|-15}}<br /> {{Weak|2}}, {{Combo}}"," {{Debuff2|pierce|-15}}<br /> {{Weak|2}}, {{Combo}}<br /> Remove {{Crit}}{{Strength}} }}",NA,NA,Occ,inf,inf,Aspirant,Weakening Curse,Occultist
228,Wyrd Reconstruction,oooo,oooo,heal,NA,NA,0.05,0.1,NA,NA,0,0," Requires {{HP2}} < 50%<br />  *{{HP2|heal|0-33%}} {{Bleed2|3}} (50%)<br /> At {{UncheckedPower}} ≥2: <span class""heal-dd2"">CRIT Heal</span>"," Requires {{HP2}} < 50%<br />  *{{HP2|heal|0-50%}} {{Bleed2|2}} (50%)<br /> At {{UncheckedPower}} ≥2: <span class""heal-dd2"">CRIT Heal</span>",NA," Wyrd Reconstruction has a number of unique interactions with [[Critical Heal (Darkest Dungeon II)|critical healing]]:  * The critical heal does not use the maximum value of the skill as in the case of a critical attack, but the randomly rolled value. This means that it is possible to roll a critical heal for 0% of the target's health while simultaneously bleeding the target. * A critical heal restores 200% of randomly rolled amount instead of the usual 150%. * The upgraded version of this skill is the only heal in the game that has a 10% chance to critically heal instead of the usual 5%.",Occ,inf,inf,Wanderer,Wyrd Reconstruction,Occultist
229,Wyrd Reconstruction (Ritualist),oooo,oooo,heal,NA,NA,0.05,0.1,NA,NA,0,0," Requires {{HP2}} < 50%<br />  *{{HP2|heal|0-44%}} {{Bleed2|3}} (50%)<br /> At {{UncheckedPower}} ≥2: <span class""heal-dd2"">CRIT Heal</span>"," Requires {{HP2}} < 50%<br />  *{{HP2|heal|0-66%}} {{Bleed2|2}} (50%)<br /> At {{UncheckedPower}} ≥2: <span class""heal-dd2"">CRIT Heal</span> }}",NA,NA,Occ,inf,inf,Ritualist,Wyrd Reconstruction,Occultist
230,Daemon's Pull,ooo.,..oo,ranged,2-5,3-6,0.05,0.0,NA,NA,0,0," {{Move2|pull|2}}<br /> {{Combo}}<br /> <span class""death"">Clear All Corpses</span>"," {{Move2|pull|3}}<br /> {{Combo}}<br /> At {{UncheckedPower}} ≥2: {{StunToken}} <span class""death"">Clear All Corpses</span> }}",NA,NA,Occ,inf,inf,Wanderer,Daemon's Pull,Occultist
231,Daemon's Pull (Warlock),ooo.,..oo,ranged,3-6,4-7,0.05,0.1,NA,NA,0,0," {{Move2|pull|2}}<br /> {{Combo}}<br /> <span class""death"">Clear All Corpses</span>"," {{Move2|pull|3}}<br /> {{Combo}}<br /> At {{UncheckedPower}} ≥2: {{StunToken}} <span class""death"">Clear All Corpses</span> }}",NA,NA,Occ,inf,inf,Warlock,Daemon's Pull,Occultist
232,Vulnerability Hex,oooo,oooo,ranged,NA,NA,0.05,0.1,NA,NA,1,0, {{Dodge|ignore}}<br /> {{Dodge|remove}}<br /> {{Vuln|2}}, {{Dodge|ignore}}<br /> Remove {{Dodge}}{{Block}}<br />  {{Vuln|2}},NA,NA,Occ,inf,inf,Wanderer,Vulnerability Hex,Occultist
233,Vulnerability Hex (Ritualist),oooo,oooo,ranged,NA,NA,0.05,0.1, {{Strength}} (15%)<br /> {{Crit}} (15%)<br /> {{Dodge+}} (15%) }},NA,1,0, {{Dodge|ignore}}<br /> {{Dodge|remove}}<br /> {{Debuff2|pierce|+10}}<br /> {{Vuln|2}}, {{Dodge|ignore}}<br /> Remove {{Dodge}}{{Block}}<br /> {{Debuff2|pierce|+10}}<br /> {{Vuln|2}},NA,NA,Occ,inf,inf,Ritualist,Vulnerability Hex,Occultist
234,Vulnerability Hex (Aspirant),oooo,oooo,ranged,NA,NA,0.05,0.1,NA,NA,1,0, {{Dodge|ignore}}<br /> {{Dodge|remove}}<br /> {{Debuff2|pierce|-15}}<br /> {{Vuln|2}}, {{Dodge|ignore}}<br /> Remove {{Dodge}}{{Block}}<br /> {{Debuff2|pierce|-15}}<br /> {{Vuln|2}} }},NA,NA,Occ,inf,inf,Aspirant,Vulnerability Hex,Occultist
235,Binding Shadows,ooo.,ooo.,melee,3-6,4-8,0.1,0.15,{{UncheckedPower}} (50%),{{UncheckedPower}} (66%),0,0, If {{Combo}}:  * {{Debuff2|-}} (3 Turns): ** {{Debuff2|res|-10}}, If {{Combo}}:  * {{Debuff2|-}} (3 Turns): ** {{Debuff2|res|-15}},NA,The {{Debuff2|-}} cannot be resisted.,Occ,inf,inf,Wanderer,Binding Shadows,Occultist
236,Binding Shadows (Aspirant),ooo.,ooo.,melee,4-7,5-10,0.1,0.15, {{Move2|forward|1}}<br /> {{UncheckedPower}} (50%), {{Move2|forward|1}}<br /> {{UncheckedPower}} (66%),0,0, If {{Combo}}:  * {{Debuff2|-}} (3 Turns): ** {{Debuff2|res|-10}}, If {{Combo}}:  * {{Debuff2|-}} (3 Turns): ** {{Debuff2|res|-15}} }},NA,NA,Occ,inf,inf,Aspirant,Binding Shadows,Occultist
237,Malediction,oooo,oooo,ranged,NA,NA,0.1,0.15,NA,NA,0,0, ''Requires Self {{UncheckedPower}} ≥2''<br /> {{Debuff2|-}} (3 Rounds):  * When Damaged: ** {{Bleed2|2}} or {{Blight2|2}} or {{Burn2|2}}, ''Requires Self {{UncheckedPower}} ≥2''<br /> {{Debuff2|-}} (3 Rounds):  * {{DoT2|res|-20}} * When Damaged: ** {{Bleed2|2}} or {{Blight2|2}} or {{Burn2|2}},NA,NA,Occ,inf,inf,Wanderer,Malediction,Occultist
238,Malediction (Ritualist),oooo,oooo,ranged,NA,NA,0.1,0.15, {{Strength}} (15%)<br /> {{Crit}} (15%)<br /> {{Dodge+}} (15%),NA,0,0, ''Requires Self {{UncheckedPower}} ≥2''<br /> {{Debuff2|pierce|+10}}<br /> {{Debuff2|-}} (3 Rounds):  * When Damaged: ** {{Bleed2|2}} or {{Blight2|2}} or {{Burn2|2}}, ''Requires Self {{UncheckedPower}} ≥2''<br /> {{Debuff2|-}} (3 Rounds):  * {{DoT2|res|-20}} * When Damaged: ** {{Bleed2|2}} or {{Blight2|2}} or {{Burn2|2}} }},NA,NA,Occ,inf,inf,Ritualist,Malediction,Occultist
239,Malediction (Aspirant),oooo,oooo,ranged,NA,NA,0.1,0.15,NA,NA,0,0, ''Requires Self {{UncheckedPower}} ≥2''<br /> {{Debuff2|pierce|-15}}<br /> {{Debuff2|-}} (3 Rounds):  * When Damaged: ** {{Bleed2|2}} or {{Blight2|2}} or {{Burn2|2}}, ''Requires Self {{UncheckedPower}} ≥2''<br /> {{Debuff2|pierce|-15}}<br /> {{Debuff2|-}} (3 Rounds):  * {{DoT2|res|-20}} * When Damaged: ** {{Bleed2|2}} or {{Blight2|2}} or {{Burn2|2}} }},NA,NA,Occ,inf,inf,Aspirant,Malediction,Occultist
240,Anamnesis,..oo,o-o-o-o,melee,1-2,1-3,0.05,0.0,NA,NA,0,0, ''Requires Self {{UncheckedPower}} ≥2''<br /> {{Bleed2|3}}, ''Requires Self {{UncheckedPower}} ≥2''<br /> {{Bleed2|4}},NA,NA,Occ,inf,inf,Wanderer,Anamnesis,Occultist
241,Anamnesis (Aspirant),..oo,o-o-o-o,melee,3-5,4-6,0.05,0.0,,NA,0,0,<br /> {{Bleed2|3}}, ''Requires Self {{UncheckedPower}} ≥2''<br /> {{Bleed2|4}} }},NA,NA,Occ,inf,inf,Aspirant,Anamnesis,Occultist
242,The Burning Stars,ooo.,oooo,ranged,8-16,12-18,0.1,0.15,NA,NA,0,0, ''Requires Self {{UncheckedPower}} ≥2'' {{Block|ignore}}<br /> {{Combo}},NA,NA,NA,Occ,inf,inf,Wanderer,The Burning Stars,Occultist
243,The Burning Stars (Warlock),ooo.,oooo,ranged,10-18,12-22,0.1,0.15,NA,NA,0,0, ''Requires Self {{UncheckedPower}} ≥2''<br /> {{Block|ignore}}<br /> {{Combo}} }},NA,NA,NA,Occ,inf,inf,Warlock,The Burning Stars,Occultist
244,Chaotic Offering,oooo,self,buff,NA,NA,0.0,0.0," Requires {{HP2}} > 15%  *Take 15% DMG<br /> *Suffer <span class""debuff-dd2"">Random Side Effect</span><br /> *{{UncheckedPower}}<br /> *{{Buff2|-}} (3 Turns): **On Turn Start:  {{UncheckedPower}}"," Requires {{HP2}} > 10%  *Take 10% DMG<br /> *Suffer <span class""debuff-dd2"">Random Side Effect</span><br /> *{{UncheckedPower}}<br /> *{{Buff2|-}} (3 Turns): **On Turn Start:  {{UncheckedPower}}",3,2,NA,NA,NA,A side effect will be randomly chosen from the following list: * (20%) {{Burn2|2}} * (18%) {{Move2|shuffle}} * (18%) {{Daze|-}} * (18%) {{Weak|-}} * (18%) {{Taunt|-}} * (4%) {{Stealth2|-}} * (4%) {{StunToken|-}}  The side effect may be resisted.,Occ,inf,inf,Wanderer,Chaotic Offering,Occultist
245,Noxious Blast,ooo.,oo..,ranged,2-3,3-4,0.05,0.0,NA,NA,0,0, {{Blight2|4}}<br /> If {{Combo}}: * {{Blight2|pierce|+30}}, {{Blight2|6}}<br /> If {{Combo}}: * {{Blight2|pierce|+30}},NA,NA,PD,inf,inf,Wanderer,Noxious Blast,Plague Doctor
246,Noxious Blast (Surgeon),ooo.,oo..,ranged,2-3,3-4,0.05,0.0,NA,NA,0,0, {{Blight2|4}}<br /> {{Blight2|pierce|-33}}<br /> If {{Combo}}: * {{Blight2|pierce|+30}}, {{Blight2|6}}<br /> {{Blight2|pierce|-33}}<br /> If {{Combo}}: * {{Blight2|pierce|+30}} }},NA,NA,PD,inf,inf,Surgeon,Noxious Blast,Plague Doctor
247,Noxious Blast (Alchemist),ooo.,oo..,ranged,2-3,3-4,0.15,0.0,NA,NA,0,0, {{Blight2|4}}<br /> {{Blight2|pierce|+33}}<br /> If {{Combo}}: * {{Blight2|pierce|+30}}, {{Blight2|6}}<br /> {{Blight2|pierce|+33}}<br /> If {{Combo}}: * {{Blight2|pierce|+30}} }},NA,NA,PD,inf,inf,Alchemist,Noxious Blast,Plague Doctor
248,Noxious Blast (Physician),ooo.,oo..,ranged,2-3,3-4,0.05,0.0,NA,NA,0,0, {{Blight2|2}}<br /> If {{Combo}}: * {{Blight2|pierce|+30}}, {{Blight2|4}}<br /> If {{Combo}}: * {{Blight2|pierce|+30}} }},NA,NA,PD,inf,inf,Physician,Noxious Blast,Plague Doctor
249,Blinding Gas,oo..,..o-o,ranged,NA,NA,0.05,0.1,NA,NA,1,0, {{Blind}}<br /> {{Combo}} (25%), {{Blind}}{{Daze}}<br /> {{Combo}} (33%),NA,NA,PD,inf,inf,Wanderer,Blinding Gas,Plague Doctor
250,Incision,.ooo,oo..,melee,3-6,4-7,0.1,0.15,NA,NA,0,0, {{Bleed2|3}}<br /> If {{Combo}}: * {{Bleed2|pierce|+30}}, {{Bleed2|4}}<br /> If {{Combo}}: * {{Bleed2|pierce|+30}},NA,NA,PD,inf,inf,Wanderer,Incision,Plague Doctor
251,Incision (Surgeon),.ooo,oo..,melee,4-9,5-11,0.1,0.15,NA,NA,0,0, {{Bleed2|3}}<br /> If {{Combo}}: * {{Bleed2|pierce|+30}}, {{Bleed2|4}}<br /> If {{Combo}}: * {{Bleed2|pierce|+30}} }},NA,NA,PD,inf,inf,Surgeon,Incision,Plague Doctor
252,Incision (Physician),.ooo,oo..,melee,3-6,4-7,0.1,0.15,NA,NA,0,0, {{Bleed2|1}}<br /> If {{Combo}}: * {{Bleed2|pierce|+30}}, {{Bleed2|2}}<br /> If {{Combo}}: * {{Bleed2|pierce|+30}} }},NA,NA,PD,inf,inf,Physician,Incision,Plague Doctor
253,Battlefield Medicine,oo..,oooo,heal,NA,NA,0.0,0.0,NA,Remove {{DoT2}},0,0, Requires:  * {{DoT2}} * or {{HP2}} < 50%  Remove {{DoT2}}<br> If {{HP2}} < 50%: * {{HP2|heal|20%}}, Requires:  * {{DoT2}} * or {{HP2}} < 50%  Remove {{DoT2}}<br> If {{HP2}} < 50%: * {{HP2|heal|25%}},NA,NA,PD,3,inf,Wanderer,Battlefield Medicine,Plague Doctor
254,Battlefield Medicine (Surgeon),oo..,oooo,heal,NA,NA,0.0,0.0,NA,Remove {{DoT2}} }},0,0, Requires:  * {{DoT2}} * or {{HP2}} < 50%  Remove {{DoT2}}<br> If {{HP2}} < 50%: * {{HP2|heal|27%}}, Requires:  * {{DoT2}} * or {{HP2}} < 50%  Remove {{DoT2}}<br> If {{HP2}} < 50%: * {{HP2|heal|33%}},NA,NA,PD,3,inf,Surgeon,Battlefield Medicine,Plague Doctor
255,Ounce of Prevention,oo..,o-o-o-o,buff,NA,NA,0.0,0.0,NA,NA,3,2, {{DoT2|res|+15}}<br /> {{Disease2|res|+15}}, {{DoT2|res|+25}}<br /> {{Disease2|res|+30}},NA,NA,PD,inf,inf,Wanderer,Ounce of Prevention,Plague Doctor
256,Ounce of Prevention (Physician),oo..,o-o-o-o,buff,NA,NA,0.0,0.0,NA,NA,3,2, {{DoT2|res|+15}}<br /> {{Disease2|res|+15}}<br /> {{Stress2|res|+15}}, {{DoT2|res|+25}}<br /> {{Disease2|res|+30}}<br /> {{Stress2|res|+15}} }},NA,NA,PD,inf,inf,Physician,Ounce of Prevention,Plague Doctor
257,Plague Grenade,oo..,..o-o,ranged,1-2,2-3,0.05,0.0,NA,NA,1,0,{{Blight2|3}},{{Blight2|4}},NA,NA,PD,inf,inf,Wanderer,Plague Grenade,Plague Doctor
258,Plague Grenade (Surgeon),oo..,..o-o,ranged,1-2,2-3,0.05,0.0,NA,NA,0,0, {{Blight2|3}}<br /> {{Blight2|pierce|-33}}, {{Blight2|4}}<br /> {{Blight2|pierce|-33}} }},NA,NA,PD,inf,inf,Surgeon,Plague Grenade,Plague Doctor
259,Plague Grenade (Alchemist),oo..,..o-o,ranged,1-2,2-3,0.15,0.0,NA,NA,1,0, {{Blight2|3}}<br /> {{Blight2|pierce|+33}}, {{Blight2|4}}<br /> {{Blight2|pierce|+33}} }},NA,NA,PD,inf,inf,Alchemist,Plague Grenade,Plague Doctor
260,Plague Grenade (Physician),oo..,..o-o,ranged,1-2,2-3,0.05,0.0,NA,NA,0,0,{{Blight2|1}},{{Blight2|2}} }},NA,NA,PD,inf,inf,Physician,Plague Grenade,Plague Doctor
261,Emboldening Vapours,oooo,oooo,buff,NA,NA,0.0,0.0,NA,NA,1,0,{{Strength}},{{Strength}}{{SpeedToken}},NA,NA,PD,inf,inf,Wanderer,Emboldening Vapours,Plague Doctor
262,Emboldening Vapours (Physician),oooo,oooo,buff,NA,NA,0.0,0.0,NA,NA,1,0,{{Strength|2}},{{Strength|2}}{{SpeedToken}},NA,NA,PD,inf,inf,Physician,Emboldening Vapours,Plague Doctor
263,Disorienting Blast,ooo.,.ooo,ranged,NA,NA,0.05,0.1,NA,NA,0,0, {{Move2|shuffle}}<br /> {{Daze}}{{Weak}}, {{Move2|shuffle}}<br /> {{Daze}}{{Weak}}<br /> If {{Combo}}: {{StunToken}},NA,NA,PD,inf,inf,Wanderer,Disorienting Blast,Plague Doctor
264,Disorienting Blast (Physician),ooo.,.ooo,ranged,NA,NA,0.05,0.1,NA,NA,0,0, {{Move2|shuffle}}<br /> {{Stun2|pierce|+20}}<br /> {{Daze}}{{Vuln}}{{Weak}}, {{Move2|shuffle}}<br /> {{Stun2|pierce|+20}}<br /> {{Daze}}{{Vuln}}{{Weak}}<br /> If {{Combo}}: {{StunToken}},NA,NA,PD,inf,inf,Physician,Disorienting Blast,Plague Doctor
265,Indiscriminate Science,ooo.,oooo,heal,NA,NA,0.0,0.0,NA,NA,1,0," Requires {{HP2}} < 50%<br /> {{HP2|heal|10%}}<br> {{HP2|heal|+10%}} per <span class""buff-dd2"">Positive</span> Token<br /> Remove All <span class""buff-dd2"">Positive</span> Tokens"," Requires {{HP2}} < 50%<br /> {{HP2|heal|10%}}<br> {{HP2|heal|+10%}} per <span class""buff-dd2"">Positive</span> Token<br> {{HP2|heal|+5%}} per <span class""debuff-dd2"">Negative</span> Token<br> Remove All <span class""buff-dd2"">Positive</span> and <span class""debuff-dd2"">Negative</span> Tokens",NA,NA,PD,inf,inf,Wanderer,Indiscriminate Science,Plague Doctor
266,Indiscriminate Science (Surgeon),ooo.,oooo,heal,NA,NA,0.0,0.0,NA,NA,1,0," Requires {{HP2}} < 50%<br /> {{HP2|heal|13%}}<br> {{HP2|heal|+13%}} per <span class""buff-dd2"">Positive</span> Token<br /> Remove All <span class""buff-dd2"">Positive</span> Tokens"," Requires {{HP2}} < 50%<br /> {{HP2|heal|13%}}<br> {{HP2|heal|+13%}} per <span class""buff-dd2"">Positive</span> Token<br> {{HP2|heal|+7%}} per <span class""debuff-dd2"">Negative</span> Token<br> Remove All <span class""buff-dd2"">Positive</span> and <span class""debuff-dd2"">Negative</span> Tokens }}",NA,NA,PD,inf,inf,Surgeon,Indiscriminate Science,Plague Doctor
267,Cause of Death,.ooo,ooo.,melee,NA,NA,0.0,0.0,NA,NA,2,0, Deals 75% of remaining {{DoT2}} as DMG<br /> Removes {{DoT2}}, {{Combo}}<br /> Deals 100% of remaining {{DoT2}} as DMG<br /> Removes {{DoT2}},NA,{{DoTBombDesc}} }},PD,inf,inf,Wanderer,Cause of Death,Plague Doctor
268,Magnesium Rain,oo..,o-o-o-o,ranged,NA,NA,0.05,0.0,NA,NA,2,0," {{Burn2|2}}<br /> <span class""death"">Clear All Corpses</span>"," {{Burn2|3}}<br /> <span class""death"">Clear All Corpses</span>",NA,{{CorpseClear2Desc}},PD,inf,inf,Wanderer,Magnesium Rain,Plague Doctor
269,Searing Strike,..oo,oo..,melee,3-6,4-7,0.05,0.1,NA,NA,0,0, {{Burn2|2}}<br /> When {{Combo}}:  * {{Burn2|4}}, {{Burn2|3}}<br /> When {{Combo}}:  * {{Burn2|6}},NA,NA,Run,inf,inf,Wanderer,Searing Strike,Runaway
270,Searing Strike (Arsonist),..oo,oo..,melee,3-4,3-5,0.15,0.2,NA,NA,0,0, {{Burn2|pierce|+33}}<br /> {{Burn2|2}}<br /> When {{Combo}}:  * {{Burn2|4}}, {{Burn2|pierce|+33}}<br /> {{Burn2|3}}<br /> When {{Combo}}:  * {{Burn2|6}} }},NA,NA,Run,inf,inf,Arsonist,Searing Strike,Runaway
271,Searing Strike (Survivor),..oo,oo..,melee,3-6,4-7,0.05,0.1,NA,NA,0,0, {{Burn2|pierce|-20}}<br /> {{Burn2|2}}<br /> When {{Combo}}:  * {{Burn2|4}}, {{Burn2|pierce|-20}}<br /> {{Burn2|3}}<br /> When {{Combo}}:  * {{Burn2|6}} }},NA,NA,Run,inf,inf,Survivor,Searing Strike,Runaway
272,Firefly,oo..,.ooo,ranged,2-4,3-4,0.05,0.1,NA,NA,0,0, {{Burn2|3}}<br /> When {{Combo}}:  * Random Adjacent Enemy: ** {{Burn2|3}}, {{Burn2|5}}<br /> When {{Combo}}:  * Random Adjacent Enemy: ** {{Burn2|3}},NA,NA,Run,inf,inf,Wanderer,Firefly,Runaway
273,Firefly (Arsonist),oo..,.ooo,ranged,1-3,2-3,0.15,0.2,NA,NA,0,0, {{Burn2|pierce|+33}}<br /> {{Burn2|3}}<br /> When {{Combo}}:  * Random Adjacent Enemy: ** {{Burn2|3}}, {{Burn2|pierce|+33}}<br /> {{Burn2|5}}<br /> When {{Combo}}:  * Random Adjacent Enemy: ** {{Burn2|3}} }},NA,NA,Run,inf,inf,Arsonist,Firefly,Runaway
274,Firefly (Survivor),oo..,.ooo,ranged,2-4,3-4,0.05,0.1,NA,NA,0,0, {{Burn2|pierce|-20}}<br /> {{Burn2|3}}<br /> When {{Combo}}:  * Random Adjacent Enemy: ** {{Burn2|3}}, {{Burn2|pierce|-20}}<br /> {{Burn2|5}}<br /> When {{Combo}}:  * Random Adjacent Enemy: ** {{Burn2|3}} }},NA,NA,Run,inf,inf,Survivor,Firefly,Runaway
275,Smokescreen,oooo,ooo.,ranged,NA,NA,0.05,0.1,NA,NA,1,0, Add {{Combo}}<br /> Add {{Blind}}, Add {{Combo}}<br /> Add {{Blind|2}}<br /> Add {{Vuln}},NA,NA,Run,inf,inf,Wanderer,Smokescreen,Runaway
276,Run and Hide,oooo,self,buff,NA,NA,0.0,0.0, {{Regen|3}}<br /> {{Move2|back|1}}<br /> Add {{Stealth2|2}}, {{Regen|3}}<br /> {{Move2|back|1}}<br /> Add {{Stealth2|2}}<br /> Remove {{DoT2}},2,0,NA,NA,NA,NA,Run,inf,inf,Wanderer,Run and Hide,Runaway
277,Run and Hide (Survivor),oooo,self,buff,NA,NA,0.0,0.0, {{Regen|5}}<br /> {{Move2|back|1}}<br /> Add {{Stealth2|2}}, {{Regen|5}}<br /> {{Move2|back|1}}<br /> Add {{Stealth2|2}}<br /> Remove {{DoT2}} }},2,0,NA,NA,NA,NA,Run,inf,inf,Survivor,Run and Hide,Runaway
278,Hearthlight,oooo,o-o-o-o,ranged,NA,NA,0.0,0.0,NA, ''Ignores {{Blind}}''<br /> Allies: Remove {{Blind}},1,0, ''Ignores {{Dodge}}{{Stealth2}}''<br /> Remove {{Stealth2}}, ''Ignores {{Dodge}}{{Stealth2}}''<br /> Remove {{Stealth2}}<br /> Add {{Combo}} (25%),NA,NA,Run,inf,inf,Wanderer,Hearthlight,Runaway
279,Ransack,oooo,.ooo,melee,3-6,4-8,0.05,0.1,{{Move2|forward|1}},NA,0,0, {{Move2|pull|1}}<br /> When {{Combo}}:  * Random Adjacent Enemy: ** {{Burn2|3}}, {{Move2|pull|2}}<br /> When {{Combo}}:  * Random Adjacent Enemy: ** {{Burn2|3}},NA,NA,Run,inf,inf,Wanderer,Ransack,Runaway
280,Ransack (Arsonist),oooo,.ooo,melee,3-4,3-6,0.15,0.2,{{Move2|forward|1}},NA,0,0, {{Move2|pull|1}}<br /> {{Burn2|pierce|+33}}<br /> When {{Combo}}:  * Random Adjacent Enemy: ** {{Burn2|3}}, {{Move2|pull|2}}<br /> {{Burn2|pierce|+33}}<br /> When {{Combo}}:  * Random Adjacent Enemy: ** {{Burn2|3}} }},NA,NA,Run,inf,inf,Arsonist,Ransack,Runaway
281,Ransack (Survivor),oooo,.ooo,melee,3-6,4-8,0.05,0.1,{{Move2|forward|1}},NA,0,0, {{Move2|pull|1}}<br /> {{Burn2|pierce|-20}}<br /> When {{Combo}}:  * Random Adjacent Enemy: ** {{Burn2|3}}, {{Move2|pull|2}}<br /> {{Burn2|pierce|-20}}<br /> When {{Combo}}:  * Random Adjacent Enemy: ** {{Burn2|3}} }},NA,NA,Run,inf,inf,Survivor,Ransack,Runaway
282,Cauterize,ooo.,oooo,heal,NA,NA,0.0,0.0,NA,NA,0,0," Requires:  * {{Bleed2}} Remove {{Bleed2}}<br /> <span class""heal"">Heal 25%</span>"," Requires:  * {{Bleed2}} Remove {{Bleed2}}<br /> <span class""heal"">Heal 33%</span>",NA,NA,Run,3,inf,Wanderer,Cauterize,Runaway
283,Cauterize (Survivor),ooo.,oooo,heal,NA,NA,0.0,0.0,NA,NA,0,0," Requires:  * {{Bleed2}} Remove {{Bleed2}}<br /> <span class""heal"">Heal 37%</span>"," Requires:  * {{Bleed2}} Remove {{Bleed2}}<br /> <span class""heal"">Heal 50%</span> }}",NA,NA,Run,3,inf,Survivor,Cauterize,Runaway
284,Controlled Burn,.ooo,oooo,ranged,NA,NA,0.05,0.0,NA,NA,3,0, Ignores {{Stealth2}}<br /> {{Burn2|3}}<br /> Add {{ControlledBurn}}, Ignores {{Stealth2}}<br /> {{Burn2|4}}<br /> Add {{ControlledBurn+}},NA,NA,Run,inf,inf,Wanderer,Controlled Burn,Runaway
285,Controlled Burn (Arsonist),.ooo,oooo,ranged,NA,NA,0.15,0.0,NA,NA,3,0, Ignores {{Stealth2}}<br /> {{Burn2|pierce|+33}}<br /> {{Burn2|3}}<br /> Add {{ControlledBurn}}, Ignores {{Stealth2}}<br /> {{Burn2|pierce|+33}}<br /> {{Burn2|4}}<br /> Add {{ControlledBurn+}} }},NA,NA,Run,inf,inf,Arsonist,Controlled Burn,Runaway
286,Controlled Burn (Survivor),.ooo,oooo,ranged,NA,NA,0.05,0.0,NA,NA,3,0, Ignores {{Stealth2}}<br /> {{Burn2|pierce|-20}}<br /> {{Burn2|3}}<br /> Add {{ControlledBurn}}, Ignores {{Stealth2}}<br /> {{Burn2|pierce|-20}}<br /> {{Burn2|4}}<br /> Add {{ControlledBurn+}} }},NA,NA,Run,inf,inf,Survivor,Controlled Burn,Runaway
287,Dragonfly,..oo,o-o..,ranged,1-2,1-3,0.05,0.0,{{Move2|back|1}},NA,0,0, {{Burn2|2}}<br /> Add {{Combo}} (25%), {{Burn2|4}}<br /> Add {{Combo}} (33%),NA,NA,Run,inf,inf,Wanderer,Dragonfly,Runaway
288,Dragonfly (Arsonist),..oo,o-o..,ranged,1-2,1-2,0.15,0.0,{{Move2|back|1}},NA,0,0, {{Burn2|pierce|+33}}<br /> {{Burn2|2}}<br /> Add {{Combo}} (25%), {{Burn2|pierce|+33}}<br /> {{Burn2|4}}<br /> Add {{Combo}} (33%) }},NA,NA,Run,inf,inf,Arsonist,Dragonfly,Runaway
289,Dragonfly (Survivor),..oo,o-o..,ranged,1-2,1-3,0.05,0.0,{{Move2|back|1}},NA,0,0, {{Burn2|pierce|-20}}<br /> {{Burn2|2}}<br /> Add {{Combo}} (25%), {{Burn2|pierce|-20}}<br /> {{Burn2|4}}<br /> Add {{Combo}} (33%) }},NA,NA,Run,inf,inf,Survivor,Dragonfly,Runaway
290,Firestarter,oooo,oooo,buff,NA,NA,0.0,0.0,NA,NA,2,0, {{Buff2|-}} (3 Turns):  * Apply On Hit: {{Burn2|2}}, {{Buff2|-}} (3 Turns):  * Apply On Hit: {{Burn2|3}},Ally,NA,Run,2,inf,Wanderer,Firestarter,Runaway
291,Firestarter (Orphan),oooo,oooo,buff,NA,NA,0.0,0.0,Add {{Crit}} }},NA,2,0, {{Buff2|-}} (3 Turns):  * Apply On Hit: {{Burn2|2}}, {{Buff2|-}} (3 Turns):  * Apply On Hit: {{Burn2|3}},Ally,NA,Run,2,inf,Orphan,Firestarter,Runaway
292,Backdraft,..oo,.ooo,ranged,NA,NA,0.0,0.0,NA,NA,1,0, Requires:  * Enemy in Front {{Burn2}} Ignores {{Guard2}}<br />  Deals 50% of remaining {{Burn2}} on Enemy in Front as DMG to Target, Requires:  * Enemy in Front {{Burn2}} Ignores {{Guard2}}<br />  Deals 100% of remaining {{Burn2}} on Enemy in Front as DMG to Target,NA,{{DoTBombDesc}},Run,inf,inf,Wanderer,Backdraft,Runaway
293,Hand of Light,.ooo,ooo.,melee,2-3,3-4,0.05,0.0,{{Strength}}{{Block}}, {{Strength}}{{Block}}<br /> Random Adjacent Ally: {{Strength}} }},0,0,NA,NA,NA,NA,Vest,inf,inf,Wanderer,Hand of Light,Vestal
294,Hand of Light (Confessor),.oo.,o-o..,melee,1-2,2-3,0.05,0.0,{{Strength}},NA,0,0,NA,{{Weak}} }},NA,NA,Vest,inf,inf,Confessor,Hand of Light,Vestal
295,Hand of Light (Chaplain),..oo,ooo.,melee,2-3,3-4,0.05,0.0,{{Strength}}{{Block}}, {{Strength}}{{Block}}<br /> Random Adjacent Ally: {{Block}} }},0,0,NA,NA,NA,NA,Vest,inf,inf,Chaplain,Hand of Light,Vestal
296,Illumination,oooo,oooo,ranged,NA,NA,0.05,0.0,NA,NA,0,0, Add {{Daze2}}<br> Ignore {{Stealth2}}{{Dodge}}<br /> Remove {{Stealth2}}{{Dodge}}, Add {{Daze2}}<br /> Ignore {{Stealth2}}{{Dodge}}<br /> Remove {{Stealth2}}{{Dodge}}<br /> {{Debuff2|-}} (2 Rounds):  * Cannot Gain {{Dodge}} }},NA,NA,Vest,inf,inf,Wanderer,Illumination,Vestal
297,Illumination (Confessor),ooo.,oooo,ranged,NA,NA,0.0,0.0,NA,NA,1,0," Ignore {{Stealth2}}{{Dodge}}<br /> Remove {{Stealth2}}<br /> Remove 2 <span class""buff-dd2"">Positive</span> Tokens"," Ignore {{Stealth2}}{{Dodge}}<br /> Remove {{Stealth2}}<br /> Remove 3 <span class""buff-dd2"">Positive</span> [[Tokens]] }}",NA,NA,Vest,inf,inf,Confessor,Illumination,Vestal
298,Judgement,oo..,oooo,ranged,3-5,4-7,0.05,0.0,NA,NA,0,0," At {{Conviction}}x2: <span class""buff-dd2"">+100%</span> DMG<br /> At {{Conviction}}x3: {{Burn2|3}}"," At {{Conviction}}x2: <span class""buff-dd2"">+100%</span> DMG<br /> At {{Conviction}}x3: {{Burn2|3}} }}",NA,NA,Vest,inf,inf,Wanderer,Judgement,Vestal
299,Judgement (Confessor),oo..,oooo,ranged,4-6,5-8,0.05,0.1,NA,NA,0,0," At {{Conviction}}x2: {{Weak|2}}<br /> At {{Conviction}}x3: {{Vuln}}, {{Daze2}}"," At {{Conviction}}x2: {{Weak|2}}<br /> At {{Conviction}}x3: {{Vuln|2}}, {{StunToken}} }}",NA,NA,Vest,inf,inf,Confessor,Judgement,Vestal
300,Divine Grace,oo..,oooo,heal,NA,NA,0.0,0.0,NA,NA,2,0," Requires {{HP2}} < 33%<br /> <span class""heal-dd2"">Heal 20%</span><br />  *At {{Conviction}}x2: <span class""heal-dd2"">+10%</span> *At {{Conviction}}x3: <span class""heal-dd2"">+10%</span>"," Requires {{HP2}} < 33%<br /> <span class""heal-dd2"">Heal 30%</span><br />  *At {{Conviction}}x2: <span class""heal-dd2"">+10% Healed</span> *At {{Conviction}}x3: <span class""heal-dd2"">+10% Healed</span>, <span class""buff-dd2"">+10%</span> CRIT }}",NA,NA,Vest,inf,inf,Wanderer,Divine Grace,Vestal
301,Consecration of Fortitude,oooo,oooo,buff,NA,NA,0.0,0.0,NA,NA,3,0,{{ConFort}},{{ConFort+}} }},NA,NA,Vest,inf,inf,Wanderer,Consecration of Fortitude,Vestal
302,Consecration of Fortitude (Seraph),oooo,oooo,buff,NA,NA,0.0,0.0,NA,NA,5,0,{{ConFort}},{{ConFort+}} }},NA,NA,Vest,inf,inf,Seraph,Consecration of Fortitude,Vestal
303,Ministrations,oo..,oooo,buff,NA,NA,0.0,0.0,NA,NA,1,0,Remove {{DoT2}}{{Daze2}}{{StunToken}}," Remove {{DoT2}}{{Daze2}}{{StunToken}}<br /> Per status effect removed: <span class""buff-dd2"">+30%</span> RES }}",NA,NA,Vest,inf,inf,Wanderer,Ministrations,Vestal
304,Ministrations (Chaplain),..oo,oooo,buff,NA,NA,0.0,0.0,NA,NA,1,0,Remove {{DoT2}}{{Daze2}}{{StunToken}}," Remove {{DoT2}}{{Daze2}}{{StunToken}}<br /> Per status effect removed: <span class""buff-dd2"">+30%</span> RES }}",NA,NA,Vest,inf,inf,Chaplain,Ministrations,Vestal
305,Mace Bash,..oo,oo..,melee,4-6,6-8,0.05,0.1,NA,NA,0,0," At {{Conviction}}x2: Ignore {{Block}}{{Dodge}}{{Guarded}}<br /> At {{Conviction}}x3: <span class""buff-dd2"">+100%</span> DMG }}",NA,NA,NA,Vest,inf,inf,Wanderer,Mace Bash,Vestal
306,Sanctuary,oooo,oooo,buff,NA,NA,0.0,0.0,{{Block|2}} }},NA,1,0,{{Guard2|2}}, {{Guard2|2}}<br /> If {{Stress2}} 5+: {{Stress2|-2}},Ally,NA,Vest,inf,inf,Wanderer,Sanctuary,Vestal
307,Sanctuary (Chaplain),oooo,oooo,buff,NA,NA,0.0,0.0,{{Block|2}},{{Block}}{{Block+}} }},1,0,{{Guard2|2}},{{Guard2|3}},Ally,NA,Vest,inf,inf,Chaplain,Sanctuary,Vestal
308,Consecration of Light,oooo,oooo,buff,NA,NA,0.0,0.0,NA,NA,3,0,{{ConLight}},{{ConLight+}} }},NA,NA,Vest,inf,inf,Wanderer,Consecration of Light,Vestal
309,Consecration of Light (Seraph),oooo,oooo,buff,NA,NA,0.0,0.0,NA,NA,5,0,{{ConLight}},{{ConLight+}} }},NA,NA,Vest,inf,inf,Seraph,Consecration of Light,Vestal
310,Divine Comfort,ooo.,o-o-o-o,heal,NA,NA,0.0,0.0,NA,NA,4,0,{{Regen|2}},{{Regen|3}} }},NA,NA,Vest,inf,inf,Wanderer,Divine Comfort,Vestal
311,Mantra,oooo,o-o-o-o,heal,NA,NA,0.0,0.0,NA,NA,0,0," Requires {{ConFort}}/{{ConFort+}}/{{ConLight}}/{{ConLight+}}<br /> <span class""heal-dd2"">Heal 10%</span>  *At {{Conviction}}x2: <span class""heal-dd2"">+10% Healed</span><br /> *At {{Conviction}}x3: <span class""heal-dd2"">+10% Healed</span>"," Requires {{ConFort}}/{{ConFort+}}/{{ConLight}}/{{ConLight+}}<br /> <span class""heal-dd2"">Heal 10%</span>  *At {{Conviction}}x2: <span class""heal-dd2"">+20% Healed</span><br /> *At {{Conviction}}x3: Trigger any Consecration effect }}",NA,NA,Vest,inf,inf,Wanderer,Mantra,Vestal
312,Mantra (Confessor),oooo,o-o-o-o,heal,NA,NA,0.0,0.0,NA,NA,3,0," Requires <span class""debuff-dd2"">Negative</span> Token<br /> <span class""heal-dd2"">Heal 10%</span>  *At {{Conviction}}x2: Remove 2 <span class""debuff-dd2"">Negative</span> Tokens *At {{Conviction}}x3: <span class""heal-dd2"">+10% Healed</span>"," Requires <span class""debuff-dd2"">Negative</span> Token<br /> <span class""heal-dd2"">Heal 10%</span>  *At {{Conviction}}x2: Remove 3 <span class""debuff-dd2"">Negative</span> Tokens *At {{Conviction}}x3: <span class""heal-dd2"">+15% Healed</span> }}",NA,NA,Vest,inf,inf,Confessor,Mantra,Vestal
313,Mantra (Chaplain),oooo,self,heal,NA,NA,0.0,0.0," <span class""heal-dd2"">Heal 10%</span>  *At {{Conviction}}x2: <span class""heal-dd2"">+10% Healed</span> *At {{Conviction}}x3: {{Stress2|-2}}"," <span class""heal-dd2"">Heal 10%</span>  *At {{Conviction}}x2: <span class""heal-dd2"">+20% Healed</span> *At {{Conviction}}x3: {{Stress2|-2}}  Party members with {{Guard2}}: * Receive 50% of the above effects",2,0,NA,NA,NA,"When using the upgraded version of the skill, the Vestal herself may be guarded, so she can receive 150% of the skill's effects. }}",Vest,inf,inf,Chaplain,Mantra,Vestal
314,Mantra (Seraph),oo..,o-o-o-o,heal,NA,NA,0.0,0.0,NA,NA,0,0," Requires {{ConFort}}/{{ConFort+}}/{{ConLight}}/{{ConLight+}}<br /> <span class""heal-dd2"">Heal 30%</span><br /> Remove {{ConFort}}/{{ConFort+}}/{{ConLight}}/{{ConLight+}}"," Requires {{ConFort}}/{{ConFort+}}/{{ConLight}}/{{ConLight+}}<br /> <span class""heal-dd2"">Heal 50%</span><br /> Remove {{ConFort}}/{{ConFort+}}/{{ConLight}}/{{ConLight+}} }}",NA,NA,Vest,inf,inf,Seraph,Mantra,Vestal
